player_id,team_id,player_name,pos,age,tm,g,gs,mp,fg,fga,fg%,3p,3pa,3p%,2p,2pa,2p%,efg%,ft,fta,ft%,pts,orb,drb,trb,ast,stl,blk,tov,pf,season
203112,1610612756,Quincy Acy,PF,28,PHO,10,0,12.3,0.4,1.8,0.222,0.2,1.5,0.133,0.2,0.3,0.667,0.278,0.7,1.0,0.7,1.7,0.3,2.2,2.5,0.8,0.1,0.4,0.4,2.4,2018
1629121,1610612737,Jaylen Adams,PG,22,ATL,34,1,12.6,1.1,3.2,0.345,0.7,2.2,0.338,0.4,1.1,0.361,0.459,0.2,0.3,0.778,3.2,0.3,1.4,1.8,1.9,0.4,0.1,0.8,1.3,2018
203500,1610612760,Steven Adams,C,25,OKC,80,80,33.4,6.0,10.1,0.595,0.0,0.0,0.0,6.0,10.1,0.596,0.595,1.8,3.7,0.5,13.9,4.9,4.6,9.5,1.6,1.5,1.0,1.7,2.6,2018
1628389,1610612748,Bam Adebayo,C,21,MIA,82,28,23.3,3.4,5.9,0.5760000000000001,0.0,0.2,0.2,3.4,5.7,0.588,0.579,2.0,2.8,0.735,8.9,2.0,5.3,7.3,2.2,0.9,0.8,1.5,2.5,2018
1629061,1610612739,Deng Adel,SF,21,CLE,19,3,10.2,0.6,1.9,0.306,0.3,1.2,0.261,0.3,0.7,0.385,0.389,0.2,0.2,1.0,1.7,0.2,0.8,1.0,0.3,0.1,0.2,0.3,0.7,2018
1629152,1610612743,DeVaughn Akoon-Purcell,SG,25,DEN,7,0,3.1,0.4,1.4,0.3,0.0,0.6,0.0,0.4,0.9,0.5,0.3,0.1,0.3,0.5,1.0,0.1,0.4,0.6,0.9,0.3,0.0,0.3,0.6,2018
200746,1610612759,LaMarcus Aldridge,C,33,SAS,81,81,33.2,8.4,16.3,0.519,0.1,0.5,0.238,8.3,15.8,0.528,0.522,4.3,5.1,0.847,21.3,3.1,6.1,9.2,2.4,0.5,1.3,1.8,2.2,2018
1628959,1610612741,Rawle Alkins,SG,21,CHI,10,1,12.0,1.3,3.9,0.333,0.3,1.2,0.25,1.0,2.7,0.37,0.3720000000000001,0.8,1.2,0.667,3.7,1.1,1.5,2.6,1.3,0.1,0.0,0.8,0.7,2018
1628960,1610612762,Grayson Allen,SG,23,UTA,38,2,10.9,1.8,4.7,0.376,0.8,2.6,0.32299999999999995,0.9,2.1,0.443,0.466,1.2,1.6,0.75,5.6,0.1,0.5,0.6,0.7,0.2,0.2,0.9,1.2,2018
1628386,1610612751,Jarrett Allen,C,20,BRK,80,80,26.2,4.2,7.1,0.59,0.1,0.6,0.133,4.1,6.5,0.629,0.595,2.5,3.5,0.7090000000000001,10.9,2.4,6.0,8.4,1.4,0.5,1.5,1.3,2.3,2018
1628443,1610612752,Kadeem Allen,PG,26,NYK,19,1,21.9,3.4,7.4,0.461,0.9,1.9,0.472,2.5,5.5,0.457,0.521,2.2,2.8,0.778,9.9,0.4,2.3,2.7,4.0,0.8,0.2,1.4,2.4,2018
202329,1610612757,Al-Farouq Aminu,PF,28,POR,81,81,28.3,3.2,7.3,0.433,1.2,3.5,0.343,2.0,3.9,0.514,0.514,1.9,2.1,0.867,9.4,1.4,6.1,7.5,1.3,0.8,0.4,0.9,1.8,2018
1626147,1610612737,Justin Anderson,SF,25,ATL,48,4,9.6,1.3,3.3,0.408,0.5,1.6,0.312,0.8,1.7,0.5,0.484,0.5,0.7,0.743,3.7,0.5,1.3,1.8,0.5,0.5,0.3,0.5,1.0,2018
203937,1610612763,Kyle Anderson,SF,25,MEM,43,40,29.8,3.5,6.4,0.5429999999999999,0.2,0.8,0.265,3.3,5.6,0.583,0.56,0.9,1.5,0.578,8.0,1.1,4.7,5.8,3.0,1.3,0.9,1.3,2.6,2018
201583,1610612748,Ryan Anderson,PF,30,TOT,25,8,12.9,0.8,2.8,0.304,0.4,1.6,0.225,0.5,1.2,0.414,0.37,0.5,0.6,0.75,2.5,0.7,1.4,2.2,0.8,0.2,0.0,0.6,1.0,2018
203507,1610612749,Giannis Antetokounmpo,PF,24,MIL,72,72,32.8,10.0,17.3,0.578,0.7,2.8,0.256,9.3,14.5,0.6409999999999999,0.599,6.9,9.5,0.7290000000000001,27.7,2.2,10.3,12.5,5.9,1.3,1.5,3.7,3.2,2018
2546,1610612745,Carmelo Anthony,PF,34,HOU,10,2,29.4,4.9,12.1,0.405,2.1,6.4,0.328,2.8,5.7,0.491,0.4920000000000001,1.5,2.2,0.682,13.4,0.9,4.5,5.4,0.5,0.4,0.7,0.8,3.2,2018
1628384,1610612761,OG Anunoby,SF,21,TOR,67,6,20.2,2.7,6.0,0.453,1.0,3.0,0.332,1.7,3.0,0.574,0.536,0.5,0.9,0.581,7.0,0.9,2.1,2.9,0.7,0.7,0.3,0.8,2.1,2018
1627853,1610612741,Ryan Arcidiacono,PG,24,CHI,81,32,24.2,2.3,5.2,0.447,1.0,2.7,0.373,1.3,2.5,0.527,0.544,1.1,1.3,0.873,6.7,0.3,2.4,2.7,3.3,0.8,0.0,0.8,2.1,2018
2772,1610612764,Trevor Ariza,SF,33,TOT,69,69,34.0,4.3,10.7,0.399,2.1,6.3,0.334,2.2,4.4,0.493,0.498,1.9,2.4,0.7929999999999999,12.5,0.7,4.7,5.4,3.7,1.3,0.3,1.5,1.9,2018
201571,1610612753,DJ Augustin,PG,31,ORL,81,81,28.0,3.9,8.4,0.47,1.6,3.8,0.421,2.3,4.5,0.511,0.5660000000000001,2.2,2.6,0.866,11.7,0.5,2.0,2.5,5.3,0.6,0.0,1.6,1.4,2018
1629028,1610612756,Deandre Ayton,C,20,PHO,71,70,30.7,7.2,12.3,0.585,0.0,0.1,0.0,7.2,12.2,0.588,0.585,2.0,2.7,0.746,16.3,3.1,7.1,10.3,1.8,0.9,0.9,1.8,2.9,2018
1628407,1610612766,Dwayne Bacon,SG,23,CHO,43,13,17.7,2.8,6.0,0.475,0.9,2.0,0.4370000000000001,2.0,4.0,0.494,0.5489999999999999,0.8,1.1,0.7390000000000001,7.3,0.2,1.9,2.1,1.1,0.3,0.1,0.4,1.7,2018
1628963,1610612758,Marvin Bagley III,PF,19,SAC,62,4,25.3,5.7,11.4,0.504,0.5,1.5,0.313,5.3,9.8,0.534,0.525,2.9,4.2,0.691,14.9,2.6,5.0,7.6,1.0,0.5,1.0,1.6,1.9,2018
1627758,1610612764,Ron Baker,SG,25,TOT,15,0,10.1,0.3,1.3,0.2,0.1,0.9,0.077,0.2,0.5,0.429,0.225,0.3,0.4,0.833,0.9,0.1,0.7,0.7,1.0,0.4,0.1,0.3,1.2,2018
1628366,1610612747,Lonzo Ball,PG,21,LAL,47,45,30.3,3.9,9.7,0.406,1.6,4.9,0.329,2.3,4.9,0.482,0.488,0.4,1.0,0.417,9.9,1.1,4.2,5.3,5.4,1.5,0.4,2.2,2.4,2018
1628964,1610612753,Mo Bamba,C,20,ORL,47,1,16.3,2.5,5.2,0.481,0.4,1.5,0.3,2.0,3.7,0.555,0.525,0.8,1.3,0.5870000000000001,6.2,1.4,3.6,5.0,0.8,0.3,1.4,0.9,2.2,2018
200826,1610612742,JJ Barea,PG,34,DAL,38,0,19.8,4.2,10.1,0.418,1.0,3.4,0.297,3.2,6.8,0.479,0.468,1.4,2.1,0.705,10.9,0.3,2.2,2.5,5.6,0.6,0.0,1.9,1.3,2018
203084,1610612758,Harrison Barnes,PF-SF,26,TOT,77,77,32.9,5.6,13.3,0.42,2.3,5.7,0.395,3.3,7.6,0.439,0.504,3.0,3.6,0.8240000000000001,16.4,0.7,3.9,4.7,1.5,0.6,0.2,1.3,1.6,2018
203115,1610612743,Will Barton,SF,28,DEN,43,38,27.7,4.3,10.7,0.402,1.6,4.6,0.342,2.7,6.1,0.447,0.475,1.3,1.7,0.77,11.5,0.7,3.9,4.6,2.9,0.4,0.5,1.5,1.9,2018
1628966,1610612750,Keita Bates-Diop,SF,23,MIN,30,3,16.8,2.0,4.7,0.423,0.4,1.7,0.25,1.6,3.0,0.522,0.468,0.6,0.9,0.643,5.0,0.5,2.2,2.8,0.6,0.6,0.5,0.5,1.0,2018
201587,1610612766,Nicolas Batum,SF,30,CHO,75,72,31.4,3.4,7.5,0.45,1.5,4.0,0.389,1.8,3.5,0.519,0.5529999999999999,1.0,1.2,0.865,9.3,0.9,4.3,5.2,3.3,0.9,0.6,1.6,1.9,2018
201573,1610612750,Jerryd Bayless,PG,30,MIN,34,6,19.3,2.4,6.8,0.35700000000000004,0.9,2.9,0.29600000000000004,1.6,3.9,0.402,0.42,0.5,0.8,0.5710000000000001,6.1,0.3,1.5,1.8,3.5,0.5,0.1,0.9,1.6,2018
203382,1610612738,Aron Baynes,C,32,BOS,51,18,16.1,2.1,4.4,0.471,0.4,1.2,0.344,1.6,3.2,0.519,0.518,1.0,1.2,0.855,5.6,1.7,3.0,4.7,1.1,0.2,0.7,0.8,2.5,2018
203145,1610612737,Kent Bazemore,SG,29,ATL,67,35,24.5,4.1,10.3,0.402,1.4,4.5,0.32,2.7,5.8,0.465,0.472,1.9,2.6,0.726,11.6,0.6,3.3,3.9,2.3,1.3,0.6,1.8,2.5,2018
203078,1610612764,Bradley Beal,SG,25,WAS,82,82,36.9,9.3,19.6,0.475,2.5,7.3,0.35100000000000003,6.8,12.4,0.5479999999999999,0.54,4.4,5.5,0.8079999999999999,25.6,1.1,3.9,5.0,5.5,1.5,0.7,2.7,2.8,2018
1627736,1610612743,Malik Beasley,SG,22,DEN,81,18,23.2,4.3,9.1,0.474,2.0,5.0,0.402,2.3,4.1,0.56,0.584,0.7,0.8,0.848,11.3,0.4,2.0,2.5,1.2,0.7,0.1,0.7,1.4,2018
201563,1610612747,Michael Beasley,PF,30,LAL,26,2,10.7,2.9,5.9,0.49,0.1,0.7,0.17600000000000002,2.8,5.2,0.529,0.5,1.1,1.5,0.718,7.0,0.5,1.8,2.3,1.0,0.3,0.4,1.0,1.6,2018
201158,1610612759,Marco Belinelli,SG,32,SAS,79,1,23.0,3.6,8.7,0.413,1.9,5.0,0.3720000000000001,1.7,3.7,0.468,0.52,1.4,1.6,0.903,10.5,0.2,2.3,2.5,1.7,0.4,0.1,0.9,1.5,2018
1628395,1610612744,Jordan Bell,C,24,GSW,68,3,11.6,1.5,2.8,0.516,0.0,0.0,0.0,1.5,2.8,0.521,0.516,0.4,0.6,0.61,3.3,0.8,1.9,2.7,1.1,0.3,0.8,0.6,1.2,2018
1627761,1610612737,DeAndre' Bembry,SG,24,ATL,82,15,23.5,3.4,7.5,0.446,0.6,2.1,0.289,2.7,5.4,0.508,0.487,1.1,1.7,0.64,8.4,0.7,3.7,4.4,2.5,1.3,0.5,1.7,2.3,2018
1627733,1610612756,Dragan Bender,PF,21,PHO,46,27,18.0,1.9,4.3,0.447,0.5,2.2,0.218,1.4,2.1,0.688,0.503,0.7,1.2,0.593,5.0,0.7,3.2,4.0,1.2,0.4,0.5,0.8,2.0,2018
201976,1610612746,Patrick Beverley,PG,30,LAC,78,49,27.4,2.5,6.1,0.407,1.4,3.6,0.397,1.1,2.5,0.421,0.524,1.2,1.6,0.78,7.6,1.0,4.0,5.0,3.8,0.9,0.6,1.1,3.4,2018
203920,1610612753,Khem Birch,C,26,ORL,50,1,12.9,1.8,3.0,0.603,0.0,0.0,0.0,1.8,3.0,0.607,0.603,1.2,1.7,0.6990000000000001,4.8,1.6,2.2,3.8,0.8,0.4,0.6,0.4,1.4,2018
202357,1610612758,Nemanja Bjelica,PF,30,SAC,77,70,23.2,3.7,7.7,0.479,1.3,3.3,0.401,2.4,4.4,0.539,0.5660000000000001,0.9,1.2,0.7609999999999999,9.6,1.6,4.1,5.8,1.9,0.7,0.7,1.1,2.6,2018
1628469,1610612741,Antonio Blakeney,SG,22,CHI,57,3,14.5,2.9,6.9,0.419,0.6,1.6,0.396,2.3,5.4,0.426,0.465,0.9,1.3,0.6579999999999999,7.3,0.1,1.7,1.9,0.7,0.2,0.2,0.6,0.7,2018
202339,1610612749,Eric Bledsoe,PG,29,MIL,78,78,29.1,6.0,12.4,0.484,1.6,4.8,0.329,4.4,7.6,0.5820000000000001,0.5479999999999999,2.3,3.0,0.75,15.9,1.1,3.6,4.6,5.5,1.5,0.4,2.1,2.0,2018
1628417,1610612739,Jaron Blossomgame,SF,25,CLE,27,4,16.3,1.7,3.9,0.443,0.4,1.4,0.256,1.4,2.5,0.552,0.491,0.4,0.5,0.769,4.2,1.0,2.7,3.6,0.5,0.3,0.3,0.4,0.7,2018
1628413,1610612755,Jonah Bolden,PF,23,PHI,44,10,14.5,1.8,3.7,0.494,0.8,2.2,0.354,1.0,1.5,0.6970000000000001,0.599,0.3,0.6,0.481,4.7,1.1,2.7,3.8,0.9,0.4,0.9,0.8,2.3,2018
1629067,1610612747,Isaac Bonga,PG,19,LAL,22,0,5.5,0.2,1.5,0.152,0.0,0.4,0.0,0.2,1.1,0.2,0.152,0.4,0.7,0.6,0.9,0.4,0.7,1.1,0.7,0.4,0.2,0.3,0.4,2018
1626164,1610612756,Devin Booker,SG,22,PHO,64,64,35.0,9.2,19.6,0.467,2.1,6.5,0.326,7.0,13.1,0.536,0.521,6.1,7.1,0.866,26.6,0.6,3.5,4.1,6.8,0.9,0.2,4.1,3.1,2018
1628449,1610612761,Chris Boucher,PF,26,TOR,28,0,5.8,1.2,2.7,0.447,0.4,1.3,0.324,0.8,1.4,0.564,0.526,0.5,0.5,0.867,3.3,0.6,1.4,2.0,0.1,0.2,0.9,0.3,1.1,2018
202340,1610612763,Avery Bradley,SG,28,TOT,63,63,30.2,3.9,9.7,0.408,1.4,3.9,0.35100000000000003,2.6,5.8,0.446,0.479,0.7,0.8,0.86,9.9,0.7,2.1,2.8,2.4,0.7,0.3,1.4,2.7,2018
201147,1610612758,Corey Brewer,SF,32,TOT,31,3,15.9,1.7,4.0,0.431,0.5,1.4,0.318,1.3,2.5,0.494,0.488,1.0,1.4,0.721,4.9,0.8,1.6,2.5,1.3,1.0,0.2,0.6,2.0,2018
1628969,1610612756,Mikal Bridges,SF,22,PHO,82,56,29.5,3.0,6.9,0.43,1.3,3.8,0.335,1.7,3.0,0.5479999999999999,0.523,1.2,1.4,0.805,8.3,0.7,2.5,3.2,2.1,1.6,0.5,0.9,2.5,2018
1628970,1610612766,Miles Bridges,SF,20,CHO,80,25,21.2,3.0,6.4,0.464,0.8,2.5,0.325,2.2,3.9,0.5529999999999999,0.527,0.7,1.0,0.753,7.5,0.8,3.2,4.0,1.2,0.7,0.6,0.6,1.4,2018
1628515,1610612753,Isaiah Briscoe,PG,22,ORL,39,0,14.3,1.4,3.5,0.399,0.3,0.9,0.324,1.1,2.7,0.423,0.438,0.4,0.7,0.5770000000000001,3.5,0.1,1.8,1.9,2.2,0.3,0.1,0.8,1.7,2018
1629151,1610612742,Ryan Broekhoff,SG,28,DAL,42,0,10.8,1.4,3.0,0.452,0.9,2.2,0.409,0.5,0.8,0.5760000000000001,0.603,0.4,0.5,0.789,4.0,0.2,1.3,1.5,0.5,0.1,0.1,0.4,0.8,2018
1627763,1610612749,Malcolm Brogdon,SG,26,MIL,64,64,28.6,5.9,11.7,0.505,1.6,3.8,0.426,4.3,7.9,0.544,0.575,2.2,2.4,0.928,15.6,1.0,3.5,4.5,3.2,0.7,0.2,1.4,1.6,2018
1628415,1610612763,Dillon Brooks,SF,23,MEM,18,0,18.3,2.7,6.8,0.402,0.8,2.2,0.375,1.9,4.6,0.415,0.463,1.2,1.7,0.733,7.5,0.5,1.2,1.7,0.9,0.6,0.2,1.1,2.8,2018
202705,1610612763,MarShon Brooks,SG,30,MEM,29,0,13.3,2.6,5.8,0.45,0.5,1.9,0.278,2.1,4.0,0.53,0.494,0.8,1.1,0.6970000000000001,6.6,0.4,1.1,1.6,0.9,0.3,0.1,0.7,1.1,2018
1628971,1610612765,Bruce Brown,SG,22,DET,74,56,19.6,1.7,4.2,0.398,0.3,1.3,0.258,1.4,3.0,0.457,0.436,0.6,0.8,0.75,4.3,0.6,1.9,2.5,1.2,0.5,0.5,0.6,2.4,2018
1627759,1610612738,Jaylen Brown,SG,22,BOS,74,25,25.9,5.0,10.7,0.465,1.3,3.7,0.344,3.7,7.0,0.529,0.525,1.8,2.7,0.6579999999999999,13.0,0.9,3.4,4.2,1.4,0.9,0.4,1.3,2.5,2018
203485,1610612761,Lorenzo Brown,PG,28,TOR,26,0,8.2,0.9,2.7,0.324,0.2,1.1,0.214,0.7,1.7,0.395,0.366,0.1,0.1,1.0,2.1,0.2,1.0,1.2,1.1,0.5,0.2,0.6,0.8,2018
1628425,1610612749,Sterling Brown,SG,23,MIL,58,7,17.8,2.5,5.4,0.465,0.9,2.5,0.361,1.6,2.8,0.5579999999999999,0.55,0.5,0.7,0.69,6.4,0.5,2.7,3.2,1.4,0.4,0.1,0.8,1.5,2018
1628972,1610612764,Troy Brown Jr,SF,19,WAS,52,10,14.0,1.9,4.5,0.415,0.4,1.3,0.319,1.4,3.2,0.455,0.462,0.6,0.9,0.6809999999999999,4.8,0.7,2.1,2.8,1.5,0.4,0.1,0.6,1.1,2018
1628973,1610612742,Jalen Brunson,PG,22,DAL,73,38,21.8,3.6,7.7,0.467,0.9,2.5,0.348,2.8,5.3,0.523,0.523,1.2,1.6,0.725,9.3,0.3,2.0,2.3,3.2,0.5,0.1,1.2,1.7,2018
1628418,1610612764,Thomas Bryant,C,21,WAS,72,53,20.8,4.3,7.0,0.616,0.5,1.4,0.333,3.8,5.6,0.685,0.648,1.5,1.9,0.7809999999999999,10.5,1.6,4.7,6.3,1.3,0.3,0.9,0.8,1.8,2018
203493,1610612747,Reggie Bullock,SG,27,TOT,63,60,29.8,3.9,9.4,0.412,2.3,6.2,0.377,1.5,3.2,0.483,0.537,1.2,1.3,0.8590000000000001,11.3,0.3,2.4,2.7,2.0,0.6,0.2,1.0,1.7,2018
203504,1610612742,Trey Burke,PG,26,TOT,58,8,19.4,4.1,9.4,0.431,1.0,2.7,0.35200000000000004,3.1,6.7,0.463,0.482,1.8,2.1,0.831,10.9,0.5,1.2,1.7,2.7,0.6,0.1,0.8,1.0,2018
202692,1610612758,Alec Burks,SG,27,TOT,64,24,21.5,3.0,7.4,0.405,1.0,2.6,0.363,2.0,4.8,0.428,0.469,1.8,2.2,0.823,8.8,0.5,3.2,3.7,2.0,0.6,0.3,1.0,1.4,2018
1629126,1610612760,Deonte Burton,SG,25,OKC,32,0,7.5,1.0,2.6,0.402,0.3,0.8,0.29600000000000004,0.8,1.7,0.455,0.451,0.3,0.4,0.667,2.6,0.1,0.8,0.9,0.3,0.2,0.3,0.3,1.0,2018
202710,1610612755,Jimmy Butler,SF-SG,29,TOT,65,65,33.6,6.4,13.9,0.462,1.0,3.0,0.34700000000000003,5.4,10.9,0.494,0.499,4.8,5.6,0.855,18.7,1.9,3.4,5.3,4.0,1.9,0.6,1.5,1.7,2018
203998,1610612763,Bruno Caboclo,PF,23,MEM,34,19,23.5,2.8,6.6,0.4270000000000001,1.4,3.8,0.369,1.4,2.8,0.505,0.5329999999999999,1.2,1.5,0.84,8.3,1.2,3.4,4.6,1.5,0.4,1.0,1.1,2.4,2018
203484,1610612747,Kentavious Caldwell-Pope,SG,25,LAL,82,23,24.8,4.0,9.2,0.43,1.8,5.3,0.34700000000000003,2.1,3.9,0.542,0.53,1.7,1.9,0.867,11.4,0.6,2.3,2.9,1.3,0.9,0.2,0.8,1.7,2018
203477,1610612749,Isaiah Canaan,PG,27,TOT,30,16,21.0,2.1,5.5,0.39,1.1,3.2,0.354,1.0,2.3,0.441,0.494,0.6,0.8,0.792,6.0,0.2,1.7,1.9,2.8,0.5,0.1,1.2,1.7,2018
201960,1610612751,DeMarre Carroll,PF,32,BRK,67,8,25.4,3.4,8.6,0.395,1.6,4.6,0.342,1.8,4.0,0.457,0.487,2.7,3.6,0.76,11.1,1.0,4.2,5.2,1.3,0.5,0.1,1.1,1.7,2018
1628975,1610612763,Jevon Carter,PG,23,MEM,39,3,14.8,1.4,4.7,0.303,0.9,2.6,0.333,0.6,2.1,0.265,0.395,0.7,0.8,0.813,4.4,0.4,1.3,1.7,1.8,0.7,0.3,0.8,1.4,2018
1713,1610612737,Vince Carter,PF,42,ATL,76,9,17.5,2.6,6.2,0.419,1.6,4.2,0.389,1.0,2.0,0.48,0.55,0.6,0.9,0.7120000000000001,7.4,0.4,2.1,2.6,1.1,0.6,0.4,0.6,1.9,2018
1628976,1610612741,Wendell Carter Jr,C,19,CHI,44,44,25.2,4.1,8.4,0.485,0.1,0.7,0.188,4.0,7.7,0.513,0.493,2.0,2.5,0.795,10.3,2.0,5.0,7.0,1.8,0.6,1.3,1.5,3.5,2018
203487,1610612753,Michael Carter-Williams,PG,27,TOT,28,1,13.3,1.6,4.4,0.374,0.4,1.4,0.263,1.3,3.0,0.424,0.415,1.1,1.9,0.604,4.8,0.7,1.8,2.5,2.5,0.7,0.5,0.7,1.7,2018
1627936,1610612747,Alex Caruso,PG,24,LAL,25,4,21.2,3.1,6.9,0.445,1.0,2.0,0.48,2.1,4.9,0.431,0.514,2.0,2.6,0.797,9.2,0.8,1.9,2.7,3.1,1.0,0.4,1.7,2.2,2018
201956,1610612763,Omri Casspi,SF,30,MEM,36,0,14.4,2.4,4.5,0.534,0.4,1.2,0.349,2.0,3.3,0.602,0.581,1.1,1.6,0.672,6.3,0.5,2.7,3.2,0.7,0.6,0.3,0.6,1.0,2018
1626161,1610612758,Willie Cauley-Stein,C,25,SAC,81,81,27.3,5.1,9.1,0.556,0.0,0.0,0.5,5.1,9.1,0.556,0.557,1.7,3.1,0.551,11.9,2.2,6.1,8.4,2.4,1.2,0.6,1.0,2.8,2018
1628463,1610612762,Tyler Cavanaugh,PF,24,UTA,11,0,3.5,0.3,0.9,0.3,0.1,0.5,0.2,0.2,0.5,0.4,0.35,0.2,0.2,1.0,0.8,0.3,0.5,0.7,0.1,0.0,0.0,0.1,0.3,2018
2199,1610612747,Tyson Chandler,C,36,TOT,55,6,15.9,1.1,1.8,0.616,0.0,0.0,0.0,1.1,1.8,0.622,0.616,0.9,1.6,0.586,3.1,1.7,3.9,5.6,0.7,0.4,0.4,0.8,2.0,2018
201163,1610612746,Wilson Chandler,PF-SF,31,TOT,51,33,23.1,2.2,5.4,0.418,1.2,3.1,0.373,1.1,2.3,0.478,0.526,0.4,0.5,0.72,6.0,0.9,3.3,4.2,1.6,0.5,0.4,0.9,2.4,2018
1627737,1610612739,Marquese Chriss,PF,21,TOT,43,2,11.6,1.6,4.2,0.3720000000000001,0.4,1.7,0.222,1.2,2.5,0.472,0.417,0.7,1.0,0.711,4.2,0.9,2.4,3.3,0.5,0.4,0.3,0.8,1.9,2018
1629109,1610612745,Gary Clark,PF,24,HOU,51,2,12.6,1.0,3.0,0.331,0.8,2.7,0.297,0.2,0.3,0.6920000000000001,0.467,0.1,0.1,1.0,2.9,0.5,1.8,2.3,0.4,0.4,0.5,0.1,0.9,2018
203546,1610612740,Ian Clark,SG,27,NOP,60,6,16.2,2.5,6.4,0.394,1.1,3.4,0.327,1.4,3.0,0.47,0.48,0.6,0.6,0.892,6.7,0.2,1.3,1.5,1.6,0.4,0.1,1.0,1.6,2018
203903,1610612739,Jordan Clarkson,SG,26,CLE,81,0,27.3,6.5,14.6,0.448,1.8,5.5,0.324,4.8,9.1,0.524,0.509,2.0,2.4,0.8440000000000001,16.8,1.0,2.3,3.3,2.4,0.7,0.2,1.7,1.4,2018
1628381,1610612737,John Collins,PF,21,ATL,61,59,30.0,7.6,13.6,0.56,0.9,2.6,0.348,6.7,11.0,0.609,0.593,3.3,4.4,0.763,19.5,3.6,6.2,9.8,2.0,0.4,0.6,2.0,3.3,2018
1628380,1610612757,Zach Collins,C,21,POR,77,0,17.6,2.5,5.2,0.473,0.5,1.6,0.331,1.9,3.6,0.534,0.523,1.2,1.6,0.746,6.6,1.4,2.8,4.2,0.9,0.3,0.9,1.0,2.3,2018
201954,1610612754,Darren Collison,PG,31,IND,76,76,28.2,4.1,8.7,0.467,1.0,2.6,0.407,3.0,6.1,0.4920000000000001,0.527,2.1,2.5,0.8320000000000001,11.2,0.5,2.6,3.1,6.0,1.4,0.1,1.6,1.8,2018
1629045,1610612749,Bonzie Colson,SF,23,MIL,8,2,12.3,1.6,4.9,0.333,0.6,2.6,0.238,1.0,2.3,0.444,0.397,1.0,1.1,0.889,4.9,1.0,2.8,3.8,0.4,0.6,0.1,0.4,0.4,2018
201144,1610612763,Mike Conley,PG,31,MEM,70,70,33.5,7.0,16.0,0.438,2.2,6.1,0.364,4.8,9.9,0.483,0.507,4.9,5.8,0.845,21.1,0.6,2.8,3.4,6.4,1.3,0.3,1.9,1.8,2018
1626192,1610612749,Pat Connaughton,SG,26,MIL,61,2,20.7,2.7,5.7,0.466,1.1,3.3,0.33,1.6,2.5,0.647,0.56,0.5,0.7,0.725,6.9,1.0,3.2,4.2,2.0,0.5,0.4,0.5,1.3,2018
1626188,1610612744,Quinn Cook,PG,25,GSW,74,10,14.3,2.8,5.9,0.465,1.1,2.7,0.405,1.7,3.2,0.515,0.557,0.3,0.4,0.769,6.9,0.3,1.8,2.1,1.6,0.3,0.0,0.7,1.2,2018
202326,1610612744,DeMarcus Cousins,C,28,GSW,30,30,25.7,5.9,12.4,0.48,0.9,3.2,0.274,5.1,9.2,0.551,0.515,3.5,4.8,0.736,16.3,1.4,6.8,8.2,3.6,1.3,1.5,2.4,3.6,2018
203496,1610612750,Robert Covington,SF,28,TOT,35,35,34.4,4.5,10.3,0.431,2.4,6.4,0.378,2.0,3.9,0.518,0.5479999999999999,1.9,2.5,0.764,13.3,0.8,4.7,5.5,1.3,2.1,1.3,1.3,3.6,2018
203459,1610612751,Allen Crabbe,SG,26,BRK,43,20,26.3,3.2,8.7,0.3670000000000001,2.3,6.0,0.378,0.9,2.7,0.342,0.499,1.0,1.3,0.732,9.6,0.4,3.1,3.4,1.1,0.5,0.3,1.1,2.4,2018
1628470,1610612743,Torrey Craig,SF,28,DEN,75,37,20.0,2.1,4.8,0.442,0.8,2.5,0.324,1.3,2.3,0.569,0.526,0.7,0.9,0.7,5.7,1.2,2.3,3.5,1.0,0.5,0.6,0.6,2.3,2018
2037,1610612756,Jamal Crawford,SG,38,PHO,64,0,18.9,2.7,6.8,0.397,1.0,3.2,0.332,1.7,3.7,0.453,0.474,1.5,1.7,0.845,7.9,0.1,1.2,1.3,3.6,0.5,0.2,1.5,1.2,2018
203109,1610612762,Jae Crowder,SF,28,UTA,80,11,27.1,4.0,10.0,0.399,2.2,6.5,0.331,1.8,3.4,0.527,0.508,1.8,2.5,0.721,11.9,0.8,4.1,4.8,1.7,0.8,0.4,1.1,2.1,2018
201967,1610612759,Dante Cunningham,PF,31,SAS,64,21,14.5,1.2,2.5,0.475,0.5,1.0,0.462,0.7,1.5,0.484,0.57,0.2,0.3,0.778,3.0,0.8,2.2,2.9,0.8,0.4,0.2,0.3,1.1,2018
203552,1610612757,Seth Curry,SG,28,POR,74,2,18.9,2.9,6.3,0.456,1.5,3.4,0.45,1.3,2.9,0.463,0.5770000000000001,0.6,0.7,0.846,7.9,0.4,1.3,1.6,0.9,0.5,0.2,0.8,1.3,2018
201939,1610612744,Stephen Curry,PG,30,GSW,69,69,33.8,9.2,19.4,0.472,5.1,11.7,0.4370000000000001,4.0,7.7,0.525,0.604,3.8,4.2,0.916,27.3,0.7,4.7,5.3,5.2,1.3,0.4,2.8,2.4,2018
203584,1610612756,Troy Daniels,SG,27,PHO,51,1,14.9,2.2,5.4,0.411,1.5,3.8,0.381,0.8,1.6,0.481,0.545,0.4,0.5,0.7829999999999999,6.2,0.3,1.2,1.4,0.5,0.5,0.1,0.5,1.5,2018
203076,1610612740,Anthony Davis,C,25,NOP,56,56,33.0,9.5,18.3,0.517,0.9,2.6,0.331,8.6,15.7,0.547,0.54,6.1,7.7,0.794,25.9,3.1,8.9,12.0,3.9,1.6,2.4,2.0,2.4,2018
1627738,1610612737,Deyonta Davis,C,22,ATL,9,0,13.1,1.7,2.4,0.682,0.0,0.1,0.0,1.7,2.3,0.7140000000000001,0.682,0.7,1.1,0.6,4.0,1.1,2.9,4.0,0.6,0.3,0.6,0.3,1.3,2018
202334,1610612751,Ed Davis,C,29,BRK,81,1,17.9,2.3,3.7,0.616,0.0,0.0,0.0,2.3,3.7,0.62,0.616,1.2,2.0,0.617,5.8,2.7,5.9,8.6,0.8,0.4,0.4,0.8,2.8,2018
203473,1610612737,Dewayne Dedmon,C,29,ATL,64,52,25.1,4.0,8.2,0.4920000000000001,1.3,3.4,0.382,2.8,4.8,0.57,0.5710000000000001,1.4,1.8,0.8140000000000001,10.8,1.6,5.9,7.5,1.4,1.1,1.1,1.3,3.3,2018
1626155,1610612764,Sam Dekker,PF,24,TOT,47,5,16.8,2.6,5.4,0.469,0.4,1.3,0.306,2.1,4.1,0.521,0.506,0.6,1.0,0.609,6.1,1.1,2.0,3.1,1.0,0.8,0.1,0.5,1.0,2018
203521,1610612739,Matthew Dellavedova,PG,28,TOT,48,0,16.9,2.0,5.0,0.405,0.9,2.7,0.338,1.1,2.3,0.482,0.496,0.9,1.1,0.8079999999999999,5.9,0.1,1.5,1.6,3.8,0.3,0.0,1.4,1.6,2018
2736,1610612750,Luol Deng,SF,33,MIN,22,2,17.8,2.7,5.4,0.5,0.6,2.0,0.318,2.0,3.4,0.608,0.5589999999999999,1.1,1.6,0.7140000000000001,7.1,0.9,2.4,3.3,0.8,0.7,0.4,0.6,1.1,2018
201942,1610612759,DeMar DeRozan,SG,29,SAS,77,77,34.9,8.2,17.1,0.481,0.1,0.6,0.156,8.1,16.5,0.4920000000000001,0.483,4.8,5.7,0.83,21.2,0.7,5.3,6.0,6.2,1.1,0.5,2.6,2.3,2018
1629094,1610612744,Marcus Derrickson,PF,22,GSW,11,0,6.1,1.5,3.0,0.485,0.9,1.8,0.5,0.5,1.2,0.462,0.636,0.4,0.5,0.8,4.2,0.7,0.5,1.2,0.1,0.0,0.1,0.3,0.8,2018
1627767,1610612740,Cheick Diallo,PF,22,NOP,64,1,14.0,2.6,4.2,0.62,0.0,0.1,0.25,2.6,4.2,0.625,0.622,0.8,1.0,0.746,6.0,1.2,4.0,5.2,0.5,0.5,0.5,0.8,1.8,2018
1628977,1610612760,Hamidou Diallo,SG,20,OKC,51,3,10.3,1.5,3.2,0.455,0.1,0.5,0.16699999999999998,1.4,2.8,0.504,0.467,0.7,1.2,0.61,3.7,0.7,1.2,1.9,0.3,0.4,0.2,0.5,1.5,2018
203476,1610612750,Gorgui Dieng,C,29,MIN,76,2,13.6,2.5,5.0,0.501,0.3,0.7,0.339,2.2,4.2,0.53,0.527,1.2,1.4,0.83,6.4,1.1,3.0,4.1,0.9,0.6,0.5,0.8,1.8,2018
203915,1610612751,Spencer Dinwiddie,PG,25,BRK,68,4,28.1,5.4,12.2,0.442,1.8,5.4,0.335,3.6,6.7,0.528,0.517,4.2,5.2,0.8059999999999999,16.8,0.4,2.1,2.4,4.6,0.6,0.3,2.2,2.8,2018
1628978,1610612749,Donte DiVincenzo,SG,22,MIL,27,0,15.2,1.9,4.6,0.403,0.8,3.1,0.265,1.0,1.5,0.6829999999999999,0.4920000000000001,0.3,0.4,0.75,4.9,0.6,1.8,2.4,1.1,0.5,0.2,0.7,1.4,2018
1628416,1610612763,Tyler Dorsey,SG,22,TOT,48,11,14.5,2.2,5.5,0.405,0.9,2.8,0.333,1.3,2.8,0.477,0.489,0.8,1.3,0.623,6.2,0.6,1.8,2.4,1.2,0.3,0.0,0.6,1.1,2018
1628422,1610612752,Damyean Dotson,SG,24,NYK,73,40,27.5,4.0,9.6,0.415,1.7,4.7,0.368,2.2,4.9,0.461,0.506,1.0,1.3,0.745,10.7,0.5,3.1,3.6,1.8,0.8,0.1,1.0,1.8,2018
1628408,1610612738,PJ Dozier,SG,22,BOS,6,0,8.5,1.3,3.5,0.381,0.3,1.3,0.25,1.0,2.2,0.462,0.429,0.2,0.3,0.5,3.2,1.0,1.8,2.8,0.8,0.3,0.0,0.0,0.3,2018
203083,1610612765,Andre Drummond,C,25,DET,79,79,33.5,7.1,13.3,0.5329999999999999,0.1,0.5,0.132,7.0,12.8,0.5479999999999999,0.536,3.1,5.2,0.59,17.3,5.4,10.2,15.6,1.4,1.7,1.7,2.2,3.4,2018
201162,1610612751,Jared Dudley,PF,33,BRK,59,25,20.7,1.7,4.1,0.423,0.9,2.6,0.35100000000000003,0.8,1.5,0.545,0.5329999999999999,0.5,0.8,0.696,4.9,0.6,2.1,2.6,1.4,0.6,0.3,0.7,2.2,2018
1627739,1610612741,Kris Dunn,PG,24,CHI,46,44,30.2,4.7,11.0,0.425,0.7,2.1,0.354,3.9,8.9,0.441,0.458,1.2,1.5,0.797,11.3,0.4,3.7,4.1,6.0,1.5,0.5,2.3,3.6,2018
201142,1610612744,Kevin Durant,SF,30,GSW,78,78,34.6,9.2,17.7,0.521,1.8,5.0,0.353,7.5,12.8,0.5870000000000001,0.5710000000000001,5.7,6.5,0.885,26.0,0.4,5.9,6.4,5.9,0.7,1.1,2.9,2.0,2018
1627740,1610612752,Henry Ellenson,PF,22,TOT,19,0,13.6,2.1,5.0,0.411,0.9,2.0,0.447,1.2,3.0,0.386,0.5,1.0,1.3,0.76,6.0,0.3,3.2,3.5,0.8,0.4,0.1,0.5,1.4,2018
201961,1610612765,Wayne Ellington,SG,31,TOT,53,38,24.5,3.5,8.6,0.403,2.6,7.0,0.371,0.9,1.6,0.541,0.5539999999999999,0.7,0.9,0.7959999999999999,10.3,0.3,1.8,2.0,1.4,1.0,0.1,0.8,1.7,2018
203954,1610612755,Joel Embiid,C,24,PHI,64,64,33.7,9.1,18.7,0.484,1.2,4.1,0.3,7.8,14.6,0.535,0.517,8.2,10.1,0.804,27.5,2.5,11.1,13.6,3.7,0.7,1.9,3.5,3.3,2018
1628980,1610612744,Jacob Evans,SG,21,GSW,30,1,6.8,0.6,1.8,0.34,0.1,0.5,0.267,0.5,1.3,0.368,0.377,0.0,0.0,0.0,1.3,0.2,0.6,0.8,0.8,0.2,0.1,0.4,0.9,2018
201936,1610612754,Tyreke Evans,SG,29,IND,69,18,20.3,3.7,9.6,0.389,1.1,3.1,0.35600000000000004,2.6,6.4,0.405,0.448,1.7,2.3,0.7190000000000001,10.2,0.5,2.4,2.9,2.4,0.8,0.3,1.7,1.7,2018
203957,1610612762,Dante Exum,PG,23,UTA,42,1,15.8,2.4,5.7,0.419,0.4,1.5,0.29,2.0,4.3,0.464,0.456,1.6,2.0,0.7909999999999999,6.9,0.4,1.2,1.6,2.6,0.3,0.1,1.2,1.6,2018
202702,1610612745,Kenneth Faried,C,29,TOT,37,13,19.7,4.2,7.2,0.589,0.2,0.7,0.32,4.0,6.5,0.617,0.604,1.7,2.7,0.6459999999999999,10.4,2.6,4.1,6.8,0.5,0.5,0.6,0.9,2.2,2018
202324,1610612762,Derrick Favors,C,27,UTA,76,70,23.2,4.8,8.1,0.586,0.2,1.0,0.218,4.6,7.1,0.64,0.6,2.0,3.0,0.675,11.8,2.7,4.6,7.4,1.2,0.7,1.4,1.1,2.1,2018
101109,1610612760,Raymond Felton,PG,34,OKC,33,0,11.5,1.7,4.1,0.407,0.6,1.8,0.328,1.1,2.2,0.473,0.481,0.4,0.4,0.923,4.3,0.1,0.9,1.0,1.6,0.3,0.2,0.4,0.9,2018
1628390,1610612760,Terrance Ferguson,SG,20,OKC,74,74,26.1,2.5,5.8,0.429,1.4,3.9,0.366,1.1,1.9,0.56,0.552,0.5,0.7,0.725,6.9,0.4,1.5,1.9,1.0,0.5,0.2,0.6,3.1,2018
1627812,1610612758,Yogi Ferrell,PG,25,SAC,71,3,15.0,2.2,5.0,0.435,0.8,2.1,0.362,1.4,2.9,0.488,0.511,0.8,0.9,0.8959999999999999,5.9,0.2,1.4,1.5,1.9,0.5,0.1,0.6,0.9,2018
1627827,1610612742,Dorian Finney-Smith,SF,25,DAL,81,26,24.5,2.8,6.5,0.4320000000000001,1.0,3.1,0.311,1.8,3.4,0.544,0.507,0.9,1.3,0.7090000000000001,7.5,1.7,3.1,4.8,1.2,0.9,0.4,0.9,2.3,2018
1627854,1610612759,Bryn Forbes,SG,25,SAS,82,81,28.0,4.4,9.6,0.456,2.1,5.0,0.426,2.3,4.6,0.489,0.568,0.8,1.0,0.885,11.8,0.2,2.7,2.9,2.1,0.5,0.0,1.0,1.9,2018
203095,1610612753,Evan Fournier,SG,26,ORL,81,81,31.5,5.8,13.2,0.438,1.9,5.6,0.34,3.9,7.6,0.509,0.509,1.7,2.1,0.8059999999999999,15.1,0.5,2.7,3.2,3.6,0.9,0.1,1.9,2.8,2018
1628368,1610612758,De'Aaron Fox,PG,21,SAC,81,81,31.4,6.2,13.6,0.458,1.1,2.9,0.371,5.2,10.7,0.482,0.4970000000000001,3.7,5.1,0.727,17.3,0.5,3.2,3.8,7.3,1.6,0.6,2.8,2.5,2018
204025,1610612749,Tim Frazier,PG,28,TOT,59,19,19.0,2.0,4.4,0.444,0.6,1.7,0.366,1.3,2.7,0.494,0.515,0.7,0.9,0.759,5.3,0.7,2.2,2.8,4.2,0.5,0.1,1.3,1.9,2018
202690,1610612756,Jimmer Fredette,SG,29,PHO,6,0,10.8,1.3,4.8,0.276,0.0,2.2,0.0,1.3,2.7,0.5,0.276,1.0,1.0,1.0,3.7,0.2,1.0,1.2,1.3,0.5,0.0,0.8,0.8,2018
101112,1610612739,Channing Frye,C,35,CLE,36,6,9.5,1.2,3.3,0.368,0.9,2.2,0.405,0.3,1.1,0.289,0.504,0.3,0.4,0.7859999999999999,3.6,0.1,1.3,1.4,0.6,0.2,0.1,0.4,1.2,2018
1628365,1610612755,Markelle Fultz,SG,20,PHI,19,15,22.5,3.4,8.2,0.419,0.2,0.7,0.28600000000000003,3.2,7.4,0.433,0.4320000000000001,1.1,1.9,0.568,8.2,1.4,2.3,3.7,3.1,0.9,0.3,1.3,2.7,2018
201568,1610612746,Danilo Gallinari,SF,30,LAC,68,68,30.3,6.0,13.0,0.463,2.4,5.5,0.433,3.6,7.5,0.484,0.5539999999999999,5.4,6.0,0.904,19.8,0.8,5.3,6.1,2.6,0.7,0.3,1.5,1.9,2018
204038,1610612765,Langston Galloway,SG,27,DET,80,4,21.8,2.9,7.3,0.388,1.7,4.8,0.355,1.2,2.6,0.449,0.503,1.0,1.2,0.8440000000000001,8.4,0.6,1.5,2.1,1.1,0.5,0.1,0.3,1.7,2018
1628656,1610612752,Billy Garrett,SG,24,NYK,4,0,15.8,2.8,6.8,0.407,0.0,2.0,0.0,2.8,4.8,0.579,0.407,1.0,1.0,1.0,6.5,0.0,0.8,0.8,1.8,0.3,0.3,0.5,0.8,2018
201188,1610612761,Marc Gasol,C,34,TOT,79,72,30.8,4.9,11.0,0.448,1.3,3.5,0.363,3.7,7.6,0.487,0.505,2.4,3.2,0.759,13.6,1.0,6.9,7.9,4.4,1.1,1.1,2.0,2.7,2018
2200,1610612749,Pau Gasol,C,38,TOT,30,6,12.0,1.4,3.1,0.447,0.2,0.4,0.462,1.2,2.7,0.444,0.479,0.9,1.3,0.7,3.9,0.7,3.8,4.6,1.7,0.2,0.5,0.5,1.0,2018
200752,1610612759,Rudy Gay,PF,32,SAS,69,51,26.7,5.4,10.8,0.504,1.1,2.7,0.402,4.4,8.1,0.537,0.5539999999999999,1.7,2.1,0.816,13.7,0.9,5.9,6.8,2.6,0.8,0.5,1.7,2.3,2018
202331,1610612760,Paul George,SF,28,OKC,77,77,36.9,9.2,21.0,0.438,3.8,9.8,0.386,5.4,11.1,0.484,0.529,5.9,7.0,0.8390000000000001,28.0,1.4,6.8,8.2,4.1,2.2,0.4,2.7,2.8,2018
201959,1610612750,Taj Gibson,PF,33,MIN,70,57,24.1,4.3,7.7,0.5660000000000001,0.2,0.5,0.324,4.2,7.2,0.583,0.5760000000000001,1.9,2.5,0.757,10.8,2.5,4.1,6.5,1.2,0.8,0.6,1.0,2.7,2018
1628983,1610612746,Shai Gilgeous-Alexander,PG,20,LAC,82,73,26.5,4.2,8.7,0.476,0.6,1.7,0.3670000000000001,3.5,7.0,0.503,0.512,1.9,2.4,0.8,10.8,0.7,2.1,2.8,3.3,1.2,0.5,1.7,2.1,2018
1629164,1610612743,Brandon Goodwin,PG,23,DEN,16,0,3.6,0.4,1.4,0.261,0.1,0.4,0.333,0.3,1.1,0.235,0.304,0.6,0.7,0.818,1.4,0.1,0.1,0.2,0.9,0.0,0.0,0.2,0.4,2018
203932,1610612753,Aaron Gordon,PF,23,ORL,78,78,33.8,6.0,13.4,0.449,1.6,4.4,0.349,4.5,9.0,0.499,0.507,2.4,3.2,0.731,16.0,1.7,5.7,7.4,3.7,0.7,0.7,2.1,2.2,2018
201569,1610612745,Eric Gordon,SG,30,HOU,68,53,31.7,5.6,13.8,0.409,3.2,8.8,0.36,2.5,5.0,0.4970000000000001,0.525,1.8,2.2,0.7829999999999999,16.2,0.3,1.9,2.2,1.9,0.6,0.4,1.3,2.1,2018
1628984,1610612766,Devonte' Graham,PG,23,CHO,46,3,14.7,1.6,4.7,0.343,0.7,2.6,0.281,0.9,2.1,0.421,0.421,0.8,1.0,0.7609999999999999,4.7,0.2,1.2,1.4,2.6,0.5,0.0,0.7,1.0,2018
1626203,1610612751,Treveon Graham,SG,25,BRK,35,21,20.4,1.8,5.5,0.335,1.1,3.7,0.297,0.7,1.8,0.413,0.435,0.5,0.6,0.818,5.3,0.7,2.4,3.1,1.0,0.4,0.2,0.5,1.9,2018
203924,1610612760,Jerami Grant,PF,24,OKC,80,77,32.7,5.1,10.3,0.4970000000000001,1.4,3.7,0.392,3.7,6.6,0.555,0.5670000000000001,2.0,2.8,0.71,13.6,1.2,4.0,5.2,1.0,0.8,1.3,0.8,2.7,2018
1626170,1610612753,Jerian Grant,PG,26,ORL,60,1,15.7,1.5,3.7,0.418,0.7,1.8,0.364,0.9,1.8,0.473,0.509,0.4,0.7,0.65,4.2,0.3,1.3,1.6,2.6,0.7,0.1,0.9,1.3,2018
201980,1610612761,Danny Green,SG,31,TOR,80,80,27.7,3.7,7.9,0.465,2.5,5.4,0.455,1.2,2.4,0.487,0.622,0.5,0.6,0.841,10.3,0.8,3.2,4.0,1.6,0.9,0.7,0.9,2.1,2018
203110,1610612744,Draymond Green,PF,28,GSW,66,66,31.3,2.8,6.4,0.445,0.7,2.5,0.285,2.1,3.9,0.5489999999999999,0.501,1.0,1.4,0.6920000000000001,7.4,0.9,6.4,7.3,6.9,1.4,1.1,2.6,3.0,2018
101123,1610612745,Gerald Green,SG,33,HOU,73,0,20.2,3.2,7.9,0.4,2.1,6.0,0.354,1.0,1.9,0.547,0.535,0.8,0.9,0.838,9.2,0.4,2.1,2.5,0.5,0.5,0.4,0.8,1.7,2018
203210,1610612746,JaMychal Green,PF,28,TOT,65,6,21.1,3.5,7.3,0.483,1.1,2.7,0.403,2.4,4.6,0.53,0.5579999999999999,1.2,1.6,0.792,9.4,1.6,4.7,6.3,0.8,0.7,0.5,1.3,3.0,2018
201145,1610612764,Jeff Green,PF,32,WAS,77,44,27.2,4.2,8.9,0.475,1.4,4.2,0.34700000000000003,2.8,4.8,0.586,0.555,2.4,2.7,0.888,12.3,0.7,3.3,4.0,1.8,0.6,0.5,1.3,2.1,2018
201933,1610612765,Blake Griffin,PF,29,DET,75,75,35.0,8.3,17.9,0.462,2.5,7.0,0.362,5.7,10.9,0.525,0.532,5.5,7.3,0.753,24.5,1.3,6.2,7.5,5.4,0.7,0.4,3.4,2.7,2018
1627772,1610612737,Daniel Hamilton,SG,23,ATL,19,3,10.7,1.2,3.2,0.383,0.4,1.2,0.348,0.8,1.9,0.405,0.45,0.2,0.3,0.5,3.0,0.5,1.9,2.5,1.2,0.3,0.1,0.8,1.0,2018
1628605,1610612763,Dusty Hannahs,SG,25,MEM,2,0,13.0,1.5,6.0,0.25,0.0,2.5,0.0,1.5,3.5,0.429,0.25,1.0,1.0,1.0,4.0,0.0,0.5,0.5,2.5,0.5,0.0,0.5,0.5,2018
203501,1610612742,Tim Hardaway Jr,SG,26,TOT,65,63,31.6,6.0,15.3,0.393,2.5,7.3,0.34,3.5,7.9,0.442,0.474,3.6,4.2,0.841,18.1,0.5,2.9,3.4,2.4,0.8,0.1,1.6,2.2,2018
201935,1610612745,James Harden,PG,29,HOU,78,78,36.8,10.8,24.5,0.442,4.8,13.2,0.368,6.0,11.3,0.528,0.541,9.7,11.0,0.879,36.1,0.8,5.8,6.6,7.5,2.0,0.7,5.0,3.1,2018
203090,1610612757,Maurice Harkless,SF,25,POR,60,53,23.6,3.2,6.5,0.487,0.6,2.0,0.275,2.6,4.5,0.5820000000000001,0.53,0.8,1.2,0.6709999999999999,7.7,1.3,3.2,4.5,1.2,1.1,0.9,0.8,2.7,2018
1626149,1610612746,Montrezl Harrell,C,25,LAC,82,5,26.3,6.7,10.8,0.615,0.0,0.2,0.17600000000000002,6.6,10.6,0.623,0.617,3.2,5.0,0.643,16.6,2.2,4.3,6.5,2.0,0.9,1.3,1.6,3.1,2018
2734,1610612742,Devin Harris,PG,35,DAL,68,2,15.8,1.9,5.1,0.38,0.9,2.9,0.31,1.0,2.2,0.476,0.47,1.5,2.0,0.7609999999999999,6.3,0.2,1.5,1.6,1.8,0.5,0.2,0.8,2.0,2018
203914,1610612743,Gary Harris,SG,24,DEN,57,48,28.8,4.7,11.2,0.424,1.4,4.2,0.339,3.3,6.9,0.476,0.488,2.0,2.5,0.799,12.9,0.7,2.1,2.8,2.2,1.0,0.3,1.2,2.0,2018
203925,1610612751,Joe Harris,SG,27,BRK,76,76,30.2,4.9,9.8,0.5,2.4,5.1,0.474,2.5,4.8,0.528,0.622,1.4,1.8,0.8270000000000001,13.7,0.7,3.1,3.8,2.4,0.5,0.2,1.6,2.4,2018
202699,1610612755,Tobias Harris,PF,26,TOT,82,82,34.7,7.5,15.3,0.487,1.9,4.8,0.397,5.5,10.5,0.528,0.5489999999999999,3.2,3.7,0.866,20.0,0.8,7.0,7.9,2.8,0.6,0.5,1.8,2.2,2018
1626150,1610612740,Andrew Harrison,PG,24,TOT,17,0,11.0,0.9,3.1,0.302,0.3,1.5,0.2,0.6,1.6,0.393,0.349,1.0,1.1,0.944,3.2,0.4,0.8,1.2,1.4,0.2,0.1,0.7,2.0,2018
1627885,1610612741,Shaquille Harrison,SG,25,CHI,73,11,19.6,2.5,5.8,0.4320000000000001,0.3,1.2,0.27,2.2,4.6,0.475,0.46,1.1,1.7,0.667,6.5,0.5,2.6,3.0,1.9,1.2,0.4,0.8,1.7,2018
1628404,1610612747,Josh Hart,SG,23,LAL,67,22,25.6,2.8,6.9,0.407,1.4,4.1,0.336,1.4,2.8,0.511,0.506,0.8,1.2,0.688,7.8,0.5,3.2,3.7,1.4,1.0,0.6,0.9,2.2,2018
1628392,1610612745,Isaiah Hartenstein,PF,20,HOU,28,0,7.9,0.7,1.5,0.488,0.1,0.2,0.333,0.6,1.3,0.514,0.512,0.4,0.5,0.7859999999999999,1.9,0.8,0.9,1.7,0.5,0.3,0.4,0.5,2.0,2018
2617,1610612748,Udonis Haslem,C,38,MIA,10,1,7.4,1.1,3.3,0.333,0.0,1.2,0.0,1.1,2.1,0.524,0.333,0.3,0.4,0.75,2.5,0.3,2.4,2.7,0.2,0.0,0.0,0.3,0.9,2018
202330,1610612738,Gordon Hayward,PF,28,BOS,72,18,25.9,4.1,8.8,0.466,1.1,3.2,0.333,3.0,5.6,0.542,0.527,2.2,2.6,0.8340000000000001,11.5,0.7,3.8,4.5,3.4,0.9,0.3,1.5,1.4,2018
203089,1610612749,John Henson,C,28,MIL,14,0,13.4,2.2,4.8,0.463,0.8,2.2,0.355,1.4,2.6,0.556,0.545,0.4,0.7,0.6,5.6,1.1,3.9,5.1,1.0,0.5,0.8,0.9,1.1,2018
1626209,1610612752,Mario Hezonja,SF,23,NYK,58,24,20.8,3.3,8.0,0.412,0.7,2.6,0.276,2.6,5.4,0.478,0.457,1.5,2.0,0.763,8.8,0.5,3.6,4.1,1.5,1.0,0.1,1.5,1.9,2018
1627741,1610612758,Buddy Hield,SG,26,SAC,82,82,31.9,7.6,16.6,0.458,3.4,7.9,0.4270000000000001,4.2,8.6,0.487,0.56,2.1,2.4,0.8859999999999999,20.7,1.3,3.7,5.0,2.5,0.7,0.4,1.8,2.5,2018
1629312,1610612755,Haywood Highsmith,SF,22,PHI,5,0,8.0,0.8,2.0,0.4,0.2,1.0,0.2,0.6,1.0,0.6,0.45,0.0,0.4,0.0,1.8,0.0,1.0,1.0,0.4,0.2,0.0,0.2,0.2,2018
201588,1610612749,George Hill,PG,32,TOT,60,13,21.7,2.8,6.3,0.452,0.8,2.6,0.314,2.0,3.7,0.547,0.516,1.2,1.4,0.8240000000000001,7.6,0.7,1.8,2.5,2.3,0.9,0.1,0.9,1.7,2018
203524,1610612740,Solomon Hill,SF,27,NOP,44,15,20.0,1.5,4.0,0.382,0.7,2.3,0.317,0.8,1.8,0.468,0.472,0.5,0.7,0.7190000000000001,4.3,0.8,2.3,3.0,1.3,0.5,0.2,0.7,1.8,2018
1628988,1610612754,Aaron Holiday,PG,22,IND,50,0,12.9,2.1,5.2,0.401,0.9,2.5,0.339,1.2,2.7,0.459,0.483,0.8,1.0,0.82,5.9,0.1,1.2,1.3,1.7,0.4,0.3,0.8,1.4,2018
201950,1610612740,Jrue Holiday,SG,28,NOP,67,67,35.9,8.2,17.3,0.472,1.8,5.4,0.325,6.4,11.9,0.539,0.523,3.1,4.0,0.768,21.2,1.1,3.9,5.0,7.7,1.6,0.8,3.1,2.2,2018
203200,1610612763,Justin Holiday,SG,29,TOT,82,77,31.8,3.7,9.5,0.386,2.0,5.7,0.348,1.7,3.8,0.442,0.49,1.2,1.3,0.8959999999999999,10.5,0.6,3.4,3.9,1.8,1.5,0.4,1.3,2.0,2018
1626178,1610612751,Rondae Hollis-Jefferson,SF,24,BRK,59,21,20.9,3.4,8.3,0.411,0.2,0.8,0.184,3.2,7.4,0.436,0.42,2.0,3.1,0.645,8.9,1.4,3.8,5.3,1.6,0.7,0.5,1.2,1.8,2018
203918,1610612757,Rodney Hood,SG,26,TOT,72,49,26.3,4.1,9.3,0.435,1.2,3.3,0.35600000000000004,2.9,6.0,0.478,0.498,1.9,2.2,0.884,11.2,0.3,1.8,2.2,1.8,0.8,0.2,0.8,2.0,2018
201143,1610612738,Al Horford,C,32,BOS,68,68,29.0,5.7,10.6,0.535,1.1,3.0,0.36,4.6,7.6,0.604,0.586,1.1,1.4,0.821,13.6,1.8,5.0,6.7,4.2,0.9,1.3,1.5,1.9,2018
1628989,1610612737,Kevin Huerter,SG,20,ATL,75,59,27.3,3.7,8.8,0.419,1.8,4.7,0.385,1.9,4.1,0.457,0.522,0.5,0.7,0.732,9.7,0.8,2.5,3.3,2.9,0.9,0.3,1.5,2.1,2018
1626154,1610612738,RJ Hunter,SG,25,BOS,1,0,26.0,6.0,13.0,0.462,4.0,10.0,0.4,2.0,3.0,0.667,0.615,1.0,2.0,0.5,17.0,1.0,2.0,3.0,3.0,1.0,0.0,0.0,3.0,2018
1628990,1610612741,Chandler Hutchison,SF,22,CHI,44,14,20.3,2.2,4.8,0.459,0.3,1.1,0.28,1.9,3.6,0.516,0.493,0.5,0.9,0.605,5.2,0.7,3.5,4.2,0.8,0.5,0.1,0.6,1.3,2018
201586,1610612761,Serge Ibaka,C,29,TOR,74,51,27.2,6.3,11.9,0.529,0.7,2.3,0.29,5.6,9.6,0.586,0.557,1.8,2.4,0.763,15.0,2.1,6.0,8.1,1.3,0.4,1.4,1.5,2.9,2018
2738,1610612744,Andre Iguodala,SF,35,GSW,68,13,23.2,2.2,4.4,0.5,0.7,2.1,0.333,1.5,2.3,0.652,0.579,0.6,1.0,0.5820000000000001,5.7,0.7,3.0,3.7,3.2,0.9,0.8,0.8,1.4,2018
204060,1610612762,Joe Ingles,PF,31,UTA,82,82,31.3,4.4,9.8,0.448,2.3,5.9,0.391,2.1,3.9,0.5329999999999999,0.565,1.1,1.5,0.7070000000000001,12.1,0.4,3.6,4.0,5.7,1.2,0.2,2.4,2.2,2018
1627742,1610612747,Brandon Ingram,SF,21,LAL,52,52,33.8,7.0,14.0,0.4970000000000001,0.6,1.8,0.33,6.4,12.2,0.521,0.518,3.8,5.6,0.675,18.3,0.8,4.3,5.1,3.0,0.5,0.6,2.5,2.9,2018
202681,1610612738,Kyrie Irving,PG,26,BOS,67,67,33.0,9.0,18.5,0.487,2.6,6.5,0.401,6.4,12.0,0.5329999999999999,0.557,3.2,3.7,0.873,23.8,1.1,3.9,5.0,6.9,1.5,0.5,2.6,2.5,2018
1628371,1610612753,Jonathan Isaac,PF,21,ORL,75,64,26.6,3.5,8.1,0.429,1.1,3.5,0.32299999999999995,2.3,4.6,0.51,0.499,1.5,1.8,0.815,9.6,1.3,4.2,5.5,1.1,0.8,1.3,1.0,1.9,2018
1627743,1610612755,Demetrius Jackson,PG,24,PHI,6,0,6.5,1.3,2.5,0.5329999999999999,0.3,1.0,0.333,1.0,1.5,0.667,0.6,0.7,0.7,1.0,3.7,0.3,0.2,0.5,0.8,0.3,0.0,0.2,0.7,2018
1628402,1610612740,Frank Jackson,PG,20,NOP,61,16,19.2,3.2,7.3,0.434,0.9,2.8,0.314,2.3,4.6,0.507,0.493,0.9,1.2,0.74,8.1,0.4,1.8,2.2,1.1,0.4,0.0,0.8,1.5,2018
1628991,1610612763,Jaren Jackson Jr,PF,19,MEM,58,56,26.1,5.1,10.2,0.506,0.9,2.4,0.359,4.3,7.7,0.5529999999999999,0.5489999999999999,2.6,3.4,0.7659999999999999,13.8,1.3,3.4,4.7,1.1,0.9,1.4,1.7,3.8,2018
1628367,1610612756,Josh Jackson,SG,21,PHO,79,29,25.2,4.4,10.6,0.413,0.9,2.8,0.324,3.5,7.8,0.445,0.456,1.8,2.7,0.6709999999999999,11.5,0.8,3.6,4.4,2.3,0.9,0.7,2.2,2.6,2018
1628382,1610612742,Justin Jackson,SF,23,TOT,81,14,19.9,2.7,6.0,0.447,1.1,3.0,0.355,1.6,3.0,0.542,0.537,0.8,1.0,0.785,7.2,0.5,2.1,2.6,1.2,0.4,0.2,0.4,1.2,2018
202704,1610612765,Reggie Jackson,PG,28,DET,82,82,27.9,5.4,12.8,0.421,2.1,5.7,0.369,3.3,7.0,0.464,0.504,2.5,2.9,0.8640000000000001,15.4,0.5,2.1,2.6,4.2,0.7,0.1,1.8,2.5,2018
2544,1610612747,LeBron James,SF,34,LAL,55,55,35.2,10.1,19.9,0.51,2.0,5.9,0.339,8.1,14.0,0.5820000000000001,0.56,5.1,7.6,0.665,27.4,1.0,7.4,8.5,8.3,1.3,0.6,3.6,1.7,2018
203098,1610612752,John Jenkins,SG,27,TOT,26,0,12.8,1.6,4.0,0.4,0.8,2.2,0.379,0.8,1.8,0.426,0.505,0.6,0.7,0.833,4.7,0.2,1.2,1.4,0.8,0.0,0.1,0.3,0.4,2018
201973,1610612744,Jonas Jerebko,PF,31,GSW,73,6,16.7,2.2,4.9,0.459,0.9,2.6,0.3670000000000001,1.3,2.3,0.563,0.556,0.9,1.1,0.8,6.3,1.0,3.0,3.9,1.3,0.4,0.2,0.6,1.9,2018
1628993,1610612754,Alize Johnson,PF,22,IND,14,0,4.6,0.3,1.1,0.25,0.1,0.1,0.5,0.2,1.0,0.214,0.281,0.3,0.6,0.5,0.9,0.3,1.1,1.4,0.1,0.1,0.2,0.0,0.5,2018
101161,1610612755,Amir Johnson,C,31,PHI,51,6,10.4,1.5,3.1,0.503,0.2,0.8,0.3,1.3,2.3,0.573,0.541,0.6,0.8,0.7559999999999999,3.9,0.9,2.0,2.9,1.2,0.3,0.3,0.9,1.9,2018
1629168,1610612758,BJ Johnson,SF,23,TOT,7,0,7.0,1.3,2.6,0.5,0.4,1.0,0.429,0.9,1.6,0.545,0.583,0.3,0.3,1.0,3.3,0.3,0.9,1.1,0.0,0.3,0.0,0.3,0.6,2018
201949,1610612748,James Johnson,PF,31,MIA,55,33,21.2,3.0,6.9,0.433,0.9,2.7,0.336,2.1,4.2,0.496,0.499,0.9,1.3,0.7140000000000001,7.8,0.4,2.8,3.2,2.5,0.6,0.5,1.3,2.1,2018
1626169,1610612740,Stanley Johnson,SF,22,TOT,66,7,18.3,2.6,6.7,0.389,0.9,3.3,0.28800000000000003,1.7,3.4,0.484,0.459,0.8,1.0,0.7809999999999999,6.9,0.5,2.8,3.3,1.3,0.9,0.2,1.2,1.7,2018
204020,1610612756,Tyler Johnson,PG,26,TOT,57,22,26.8,3.8,9.2,0.413,1.6,4.6,0.34600000000000003,2.2,4.7,0.477,0.498,1.7,2.2,0.748,10.9,0.6,2.4,3.0,2.9,0.9,0.5,1.4,1.7,2018
202325,1610612764,Wesley Johnson,SF,31,TOT,38,13,14.1,1.2,3.4,0.35200000000000004,0.7,2.0,0.329,0.5,1.4,0.385,0.449,0.3,0.5,0.684,3.4,0.3,1.6,1.9,0.6,0.4,0.3,0.5,1.7,2018
1627884,1610612748,Derrick Jones Jr,SF,21,MIA,60,14,19.2,2.7,5.4,0.494,0.5,1.5,0.308,2.2,3.9,0.5670000000000001,0.537,1.2,2.0,0.607,7.0,1.6,2.4,4.0,0.6,0.8,0.7,0.7,2.1,2018
1627883,1610612739,Jalen Jones,SF,25,CLE,16,0,13.4,1.6,3.9,0.419,0.6,1.8,0.35700000000000004,1.0,2.1,0.471,0.5,1.2,1.7,0.7040000000000001,5.1,0.7,1.4,2.1,0.4,0.6,0.1,0.5,1.7,2018
1629203,1610612747,Jemerrio Jones,SF,23,LAL,6,2,23.8,2.0,5.5,0.364,0.3,1.7,0.2,1.7,3.8,0.435,0.394,0.2,0.3,0.5,4.5,2.7,5.5,8.2,2.2,1.2,0.8,0.8,1.7,2018
203093,1610612745,Terrence Jones,PF,27,HOU,2,0,2.5,0.5,2.0,0.25,0.0,1.0,0.0,0.5,1.0,0.5,0.25,0.0,0.5,0.0,1.0,0.0,2.0,2.0,0.0,0.0,0.0,0.5,0.5,2018
1626145,1610612750,Tyus Jones,PG,22,MIN,68,23,22.9,2.7,6.6,0.415,0.6,1.9,0.317,2.1,4.7,0.453,0.46,0.9,1.0,0.841,6.9,0.3,1.6,2.0,4.8,1.2,0.1,0.7,1.1,2018
202709,1610612754,Cory Joseph,PG,27,IND,82,9,25.2,2.8,6.7,0.412,0.7,2.1,0.322,2.1,4.6,0.454,0.463,0.4,0.5,0.698,6.5,0.5,2.9,3.4,3.9,1.1,0.3,1.0,1.6,2018
1626163,1610612766,Frank Kaminsky,C,25,CHO,47,0,16.1,2.9,6.3,0.463,1.1,3.0,0.36,1.9,3.4,0.5529999999999999,0.547,1.7,2.3,0.738,8.6,0.8,2.6,3.5,1.3,0.3,0.3,0.9,1.4,2018
202683,1610612757,Enes Kanter,C,26,TOT,67,31,24.5,5.6,10.2,0.5489999999999999,0.1,0.5,0.294,5.4,9.7,0.562,0.556,2.3,2.9,0.787,13.7,3.8,6.0,9.8,1.7,0.5,0.4,1.8,2.5,2018
1628379,1610612765,Luke Kennard,SG,22,DET,63,10,22.8,3.6,8.3,0.438,1.7,4.3,0.394,1.9,4.0,0.486,0.54,0.8,1.0,0.836,9.7,0.2,2.7,2.9,1.8,0.4,0.2,0.9,1.5,2018
203077,1610612766,Michael Kidd-Gilchrist,PF,25,CHO,64,3,18.4,2.5,5.2,0.476,0.3,0.7,0.34,2.2,4.5,0.498,0.5,1.5,1.9,0.772,6.7,1.4,2.5,3.8,1.0,0.5,0.6,0.7,2.4,2018
1628467,1610612742,Maxi Kleber,PF,27,DAL,71,18,21.2,2.5,5.4,0.453,1.1,3.1,0.353,1.4,2.4,0.583,0.5529999999999999,0.8,1.0,0.784,6.8,1.3,3.4,4.6,1.0,0.5,1.1,0.8,2.0,2018
202688,1610612739,Brandon Knight,PG,27,TOT,39,26,18.9,2.5,6.7,0.381,1.1,3.3,0.318,1.5,3.4,0.443,0.46,0.7,0.9,0.794,6.8,0.3,1.3,1.5,1.8,0.5,0.1,0.8,1.6,2018
1627788,1610612755,Furkan Korkmaz,SG,21,PHI,48,7,14.1,2.0,5.1,0.4,1.0,3.0,0.326,1.1,2.1,0.505,0.496,0.8,0.9,0.818,5.8,0.3,1.9,2.2,1.1,0.6,0.0,0.5,1.3,2018
1628436,1610612752,Luke Kornet,PF,23,NYK,46,18,17.0,2.3,6.2,0.378,1.5,4.2,0.363,0.8,2.0,0.411,0.502,0.8,1.0,0.826,7.0,0.6,2.3,2.9,1.2,0.6,0.9,0.5,0.9,2018
2594,1610612762,Kyle Korver,SG-PF,37,TOT,70,0,19.1,2.9,6.9,0.416,2.0,5.0,0.397,0.9,1.9,0.467,0.5589999999999999,0.9,1.0,0.8220000000000001,8.6,0.1,2.2,2.3,1.2,0.4,0.2,0.8,1.5,2018
1629066,1610612751,Rodions Kurucs,SF,20,BRK,63,46,20.5,3.2,7.1,0.45,0.9,2.9,0.315,2.3,4.2,0.5429999999999999,0.514,1.1,1.5,0.7829999999999999,8.5,0.9,3.0,3.9,0.8,0.7,0.4,1.2,2.3,2018
1628398,1610612747,Kyle Kuzma,PF,23,LAL,70,68,33.1,7.1,15.5,0.456,1.8,6.0,0.303,5.3,9.5,0.5529999999999999,0.515,2.7,3.6,0.752,18.7,0.9,4.6,5.5,2.5,0.6,0.4,1.9,2.4,2018
203087,1610612766,Jeremy Lamb,SG,26,CHO,79,55,28.5,5.5,12.4,0.44,1.5,4.2,0.348,4.0,8.2,0.487,0.499,2.9,3.3,0.888,15.3,0.8,4.7,5.5,2.2,1.1,0.4,1.0,1.8,2018
203897,1610612741,Zach LaVine,SG,23,CHI,63,62,34.5,8.4,18.0,0.467,1.9,5.1,0.374,6.5,12.9,0.504,0.52,5.0,6.0,0.8320000000000001,23.7,0.6,4.0,4.7,4.5,1.0,0.4,3.4,2.2,2018
1627774,1610612757,Jake Layman,SF,24,POR,71,33,18.7,3.0,6.0,0.509,0.8,2.5,0.326,2.2,3.4,0.6459999999999999,0.579,0.7,1.0,0.7040000000000001,7.6,0.8,2.3,3.1,0.7,0.4,0.4,0.6,1.6,2018
1628388,1610612754,TJ Leaf,PF,21,IND,58,1,9.0,1.7,3.2,0.541,0.1,0.5,0.258,1.6,2.6,0.599,0.563,0.3,0.5,0.613,3.9,0.7,1.4,2.2,0.4,0.2,0.3,0.2,0.6,2018
201584,1610612742,Courtney Lee,SG,33,TOT,34,6,12.6,1.6,3.8,0.411,0.5,1.6,0.29100000000000004,1.1,2.2,0.5,0.473,0.4,0.6,0.667,4.0,0.3,1.3,1.6,1.1,0.6,0.1,0.4,0.9,2018
1627814,1610612744,Damion Lee,SG,26,GSW,32,0,11.7,1.8,4.0,0.441,0.8,2.1,0.397,0.9,1.8,0.4920000000000001,0.547,0.6,0.7,0.8640000000000001,4.9,0.3,1.8,2.0,0.4,0.4,0.0,0.3,0.9,2018
1627215,1610612741,Walt Lemon Jr,PG,26,CHI,6,3,27.8,6.3,14.5,0.4370000000000001,0.3,0.8,0.4,6.0,13.7,0.439,0.448,1.3,1.8,0.727,14.3,0.7,3.8,4.5,5.0,1.8,0.2,1.7,2.3,2018
203458,1610612737,Alex Len,C,25,ATL,77,31,20.1,4.2,8.4,0.494,1.0,2.6,0.363,3.2,5.8,0.5539999999999999,0.551,1.8,2.8,0.648,11.1,2.1,3.5,5.5,1.1,0.4,0.9,1.3,2.6,2018
202695,1610612761,Kawhi Leonard,SF,27,TOR,60,60,34.0,9.3,18.8,0.496,1.9,5.0,0.371,7.5,13.8,0.542,0.546,6.1,7.1,0.8540000000000001,26.6,1.3,6.0,7.3,3.3,1.8,0.4,2.0,1.5,2018
203086,1610612757,Meyers Leonard,C,26,POR,61,2,14.4,2.2,4.0,0.545,0.8,1.8,0.45,1.3,2.1,0.626,0.649,0.7,0.8,0.843,5.9,0.8,3.0,3.8,1.2,0.2,0.1,0.7,1.7,2018
202720,1610612765,Jon Leuer,PF,29,DET,41,1,9.8,1.6,2.8,0.584,0.0,0.3,0.091,1.6,2.5,0.637,0.588,0.6,0.8,0.742,3.8,0.7,1.7,2.4,0.3,0.3,0.1,0.6,1.5,2018
1627747,1610612751,Caris LeVert,SF,24,BRK,40,25,26.6,5.2,12.1,0.429,1.2,3.9,0.312,4.0,8.2,0.483,0.478,2.1,3.1,0.691,13.7,0.9,2.9,3.8,3.9,1.1,0.4,1.7,1.9,2018
203081,1610612757,Damian Lillard,PG,28,POR,80,80,35.5,8.5,19.2,0.444,3.0,8.0,0.369,5.6,11.1,0.499,0.522,5.9,6.4,0.912,25.8,0.9,3.8,4.6,6.9,1.1,0.4,2.7,1.9,2018
202391,1610612761,Jeremy Lin,PG,30,TOT,74,4,19.4,3.2,7.3,0.44,0.7,2.5,0.294,2.5,4.8,0.517,0.491,2.4,2.8,0.838,9.6,0.3,2.1,2.4,3.1,0.6,0.2,1.7,1.9,2018
2733,1610612744,Shaun Livingston,PG,33,GSW,64,0,15.1,1.7,3.3,0.519,0.0,0.0,0.0,1.7,3.3,0.524,0.519,0.6,0.8,0.784,4.0,0.7,1.2,1.8,1.8,0.5,0.4,0.6,1.2,2018
1626172,1610612744,Kevon Looney,C,22,GSW,80,24,18.5,2.7,4.3,0.625,0.0,0.1,0.1,2.7,4.2,0.6409999999999999,0.627,0.8,1.3,0.619,6.3,2.4,2.8,5.2,1.5,0.6,0.7,0.6,2.6,2018
201572,1610612749,Brook Lopez,C,30,MIL,81,81,28.7,4.4,9.7,0.452,2.3,6.3,0.365,2.1,3.4,0.613,0.5710000000000001,1.4,1.6,0.8420000000000001,12.5,0.4,4.5,4.9,1.2,0.6,2.2,1.0,2.3,2018
201577,1610612741,Robin Lopez,C,30,CHI,74,36,21.7,4.1,7.2,0.568,0.1,0.4,0.226,4.0,6.8,0.589,0.575,1.2,1.7,0.7240000000000001,9.5,1.9,2.0,3.9,1.2,0.1,1.1,1.3,1.7,2018
201567,1610612739,Kevin Love,PF,30,CLE,22,21,27.2,5.0,12.9,0.385,2.4,6.7,0.361,2.5,6.2,0.412,0.479,4.7,5.2,0.904,17.0,1.5,9.4,10.9,2.2,0.3,0.2,1.9,2.5,2018
200768,1610612761,Kyle Lowry,PG,32,TOR,65,65,34.0,4.7,11.4,0.411,2.4,7.0,0.34700000000000003,2.3,4.4,0.514,0.518,2.5,3.0,0.83,14.2,0.6,4.2,4.8,8.7,1.4,0.5,2.8,2.6,2018
1628070,1610612761,Jordan Loyd,PG,25,TOR,12,0,4.6,0.7,1.5,0.444,0.3,0.7,0.5,0.3,0.8,0.4,0.556,0.8,0.9,0.818,2.4,0.1,0.7,0.8,0.5,0.0,0.0,0.2,0.4,2018
1628399,1610612743,Tyler Lydon,PF,22,DEN,25,0,3.8,0.4,0.7,0.5,0.2,0.4,0.4,0.2,0.3,0.625,0.611,0.0,0.1,0.333,0.9,0.3,0.4,0.7,0.2,0.1,0.0,0.2,0.4,2018
1626168,1610612743,Trey Lyles,PF,23,DEN,64,2,17.5,3.2,7.7,0.418,0.8,3.1,0.255,2.4,4.6,0.529,0.47,1.3,1.8,0.698,8.5,0.7,3.2,3.8,1.4,0.5,0.4,1.1,1.5,2018
203159,1610612747,Scott Machado,PG,28,LAL,4,0,4.8,1.0,1.5,0.667,0.3,0.3,1.0,0.8,1.3,0.6,0.75,0.3,0.3,1.0,2.5,0.0,0.0,0.0,0.8,0.3,0.0,0.0,0.5,2018
202714,1610612766,Shelvin Mack,PG,28,TOT,57,3,21.9,2.9,7.1,0.404,0.8,2.3,0.354,2.1,4.8,0.429,0.462,1.0,1.5,0.69,7.5,0.3,1.5,1.8,3.2,0.8,0.1,1.2,1.5,2018
1629133,1610612742,Daryl Macon,SG,23,DAL,8,0,11.3,1.3,3.4,0.37,0.6,1.4,0.455,0.6,2.0,0.313,0.463,0.5,0.9,0.5710000000000001,3.6,0.3,1.3,1.5,0.9,0.1,0.0,0.8,1.0,2018
101133,1610612764,Ian Mahinmi,C,32,WAS,34,6,14.6,1.4,3.1,0.452,0.1,0.5,0.188,1.3,2.6,0.5,0.466,1.2,1.8,0.6890000000000001,4.1,1.4,2.4,3.8,0.7,0.7,0.5,0.6,2.5,2018
1627748,1610612765,Thon Maker,C-PF,21,TOT,64,5,15.2,1.7,4.2,0.407,0.8,2.4,0.32,0.9,1.8,0.522,0.498,0.9,1.3,0.667,5.0,0.6,2.5,3.2,0.7,0.3,0.8,0.5,1.6,2018
1628374,1610612741,Lauri Markkanen,PF,21,CHI,52,51,32.3,6.6,15.3,0.43,2.3,6.4,0.361,4.3,8.9,0.479,0.506,3.3,3.8,0.872,18.7,1.4,7.6,9.0,1.4,0.7,0.6,1.6,2.3,2018
1626185,1610612753,Jarell Martin,PF,24,ORL,42,1,7.8,1.0,2.5,0.413,0.5,1.4,0.35100000000000003,0.5,1.1,0.489,0.51,0.2,0.3,0.818,2.7,0.3,1.5,1.7,0.4,0.1,0.2,0.3,1.2,2018
202083,1610612754,Wesley Matthews,SF-SG,32,TOT,69,68,30.3,4.0,10.1,0.4,2.2,5.8,0.3720000000000001,1.9,4.3,0.4370000000000001,0.507,1.9,2.4,0.81,12.2,0.5,2.0,2.5,2.3,0.8,0.2,1.3,2.3,2018
201601,1610612746,Luc Mbah a Moute,PF,32,LAC,4,0,15.3,2.0,4.5,0.444,0.5,1.5,0.333,1.5,3.0,0.5,0.5,0.5,1.3,0.4,5.0,0.5,1.3,1.8,0.5,0.3,0.3,0.5,2.0,2018
1628769,1610612751,Tahjere McCall,SG,24,BRK,1,0,8.0,2.0,3.0,0.667,0.0,1.0,0.0,2.0,2.0,1.0,0.667,0.0,1.0,0.0,4.0,0.0,1.0,1.0,0.0,0.0,0.0,0.0,2.0,2018
1627775,1610612761,Patrick McCaw,SG,23,TOT,29,1,13.7,0.9,2.2,0.413,0.3,1.0,0.321,0.6,1.2,0.486,0.484,0.4,0.5,0.867,2.6,0.2,1.4,1.7,1.0,0.8,0.1,0.6,1.3,2018
203468,1610612757,CJ McCollum,SG,27,POR,70,70,33.9,8.2,17.8,0.459,2.4,6.4,0.375,5.8,11.4,0.506,0.527,2.3,2.7,0.828,21.0,0.9,3.1,4.0,3.0,0.8,0.4,1.5,2.5,2018
204456,1610612755,TJ McConnell,PG,26,PHI,76,3,19.3,2.9,5.5,0.525,0.2,0.6,0.333,2.7,5.0,0.546,0.542,0.4,0.5,0.784,6.4,0.4,1.9,2.3,3.4,1.0,0.2,1.2,1.4,2018
203926,1610612754,Doug McDermott,SF,27,IND,77,1,17.4,2.7,5.5,0.491,1.1,2.7,0.408,1.6,2.8,0.569,0.59,0.9,1.0,0.835,7.3,0.2,1.2,1.4,0.9,0.2,0.1,0.5,1.4,2018
201580,1610612747,JaVale McGee,C,31,LAL,75,62,22.3,5.3,8.5,0.624,0.0,0.2,0.083,5.3,8.4,0.634,0.625,1.3,2.0,0.632,12.0,2.6,4.9,7.5,0.7,0.6,2.0,1.4,2.8,2018
203585,1610612748,Rodney McGruder,SG,27,MIA,66,45,23.5,2.8,7.0,0.403,1.2,3.4,0.35100000000000003,1.6,3.6,0.453,0.489,0.8,1.1,0.722,7.6,0.9,2.7,3.6,1.7,0.5,0.2,1.0,1.7,2018
1628035,1610612744,Alfonzo McKinnie,SF,26,GSW,72,5,13.9,1.9,3.8,0.487,0.6,1.6,0.35600000000000004,1.3,2.2,0.586,0.564,0.4,0.7,0.563,4.7,1.1,2.3,3.4,0.4,0.3,0.2,0.4,1.9,2018
203463,1610612758,Ben McLemore,SG,25,SAC,19,0,8.3,1.3,3.4,0.391,0.9,2.2,0.415,0.4,1.2,0.348,0.523,0.4,0.6,0.667,3.9,0.2,0.7,0.9,0.2,0.3,0.2,0.3,1.2,2018
203895,1610612764,Jordan McRae,SG,27,WAS,27,0,12.3,2.3,4.8,0.469,0.4,1.3,0.28600000000000003,1.9,3.5,0.537,0.508,1.0,1.3,0.8,5.9,0.2,1.3,1.5,1.1,0.5,0.3,0.6,1.0,2018
201975,1610612761,Jodie Meeks,SG,31,TOR,8,0,13.0,2.6,4.9,0.5379999999999999,1.0,2.3,0.444,1.6,2.6,0.619,0.6409999999999999,0.1,0.1,1.0,6.4,0.1,1.4,1.5,1.0,0.1,0.1,0.3,0.6,2018
1626257,1610612742,Salah Mejri,C,32,DAL,36,4,11.1,1.5,3.1,0.491,0.3,0.9,0.324,1.2,2.2,0.564,0.54,0.6,0.9,0.625,3.9,1.0,2.6,3.6,1.0,0.3,0.7,0.6,1.5,2018
1629001,1610612756,De'Anthony Melton,PG,20,PHO,50,31,19.7,2.0,5.1,0.391,0.6,1.9,0.305,1.4,3.2,0.441,0.447,0.4,0.6,0.75,5.0,0.5,2.2,2.7,3.2,1.4,0.5,1.5,2.3,2018
1629002,1610612759,Chimezie Metu,PF,21,SAS,29,0,5.0,0.7,2.0,0.328,0.0,0.1,0.0,0.7,1.9,0.339,0.328,0.4,0.6,0.765,1.8,0.3,0.9,1.2,0.4,0.2,0.1,0.5,0.5,2018
203114,1610612749,Khris Middleton,SF,27,MIL,77,77,31.1,6.6,14.9,0.441,2.3,6.2,0.378,4.2,8.8,0.485,0.519,2.8,3.4,0.8370000000000001,18.3,0.6,5.3,6.0,4.3,1.0,0.1,2.3,2.2,2018
101139,1610612763,CJ Miles,SF,31,TOT,53,1,16.2,2.1,5.9,0.36,1.3,3.8,0.33,0.8,2.0,0.417,0.468,0.9,1.1,0.828,6.4,0.2,1.5,1.8,0.7,0.5,0.3,0.6,1.5,2018
203121,1610612740,Darius Miller,SF,28,NOP,69,15,25.5,2.7,7.0,0.39,1.9,5.3,0.365,0.8,1.7,0.467,0.528,0.8,1.0,0.789,8.2,0.2,1.7,1.9,2.1,0.6,0.3,0.9,2.4,2018
1626259,1610612761,Malcolm Miller,SF,25,TOR,10,0,6.7,1.1,2.6,0.423,1.0,2.1,0.476,0.1,0.5,0.2,0.615,0.3,0.4,0.75,3.5,0.1,0.4,0.5,0.1,0.1,0.1,0.1,0.5,2018
201988,1610612759,Patty Mills,PG,30,SAS,82,1,23.3,3.4,8.1,0.425,1.9,4.9,0.394,1.5,3.2,0.475,0.545,1.1,1.3,0.8540000000000001,9.9,0.3,1.9,2.2,3.0,0.6,0.1,1.1,1.6,2018
200794,1610612743,Paul Millsap,PF,33,DEN,70,65,27.1,4.6,9.5,0.484,0.8,2.3,0.365,3.8,7.2,0.522,0.528,2.6,3.6,0.727,12.6,2.2,5.0,7.2,2.0,1.2,0.8,1.4,2.6,2018
1629003,1610612755,Shake Milton,SG,22,PHI,20,0,13.4,1.7,4.4,0.391,0.7,2.2,0.318,1.0,2.2,0.465,0.471,0.3,0.4,0.7140000000000001,4.4,0.5,1.3,1.8,0.9,0.4,0.4,0.3,1.5,2018
1628378,1610612762,Donovan Mitchell,SG,22,UTA,77,77,33.7,8.6,19.9,0.4320000000000001,2.4,6.7,0.362,6.1,13.1,0.468,0.493,4.1,5.1,0.8059999999999999,23.8,0.8,3.3,4.1,4.2,1.4,0.4,2.8,2.7,2018
1628513,1610612762,Naz Mitrou-Long,SG,25,UTA,14,0,6.0,0.4,1.4,0.3,0.1,0.8,0.182,0.3,0.6,0.444,0.35,0.1,0.1,1.0,1.1,0.1,0.4,0.4,1.1,0.1,0.1,0.6,0.7,2018
1628370,1610612766,Malik Monk,SG,20,CHO,73,0,17.2,3.1,8.0,0.387,1.5,4.5,0.33,1.6,3.5,0.461,0.48,1.2,1.4,0.882,8.9,0.2,1.7,1.9,1.6,0.5,0.3,1.2,1.5,2018
202328,1610612755,Greg Monroe,C,28,TOT,43,2,11.2,2.1,4.4,0.487,0.0,0.1,0.2,2.1,4.3,0.495,0.489,1.0,1.7,0.625,5.3,1.6,2.4,4.0,0.6,0.3,0.2,0.7,1.5,2018
202734,1610612740,E'Twaun Moore,SG,29,NOP,53,36,27.6,4.8,10.0,0.481,1.4,3.3,0.4320000000000001,3.4,6.7,0.506,0.5529999999999999,0.8,1.1,0.763,11.9,0.7,1.7,2.4,1.9,0.8,0.2,1.1,2.1,2018
1628537,1610612749,Jaylen Morris,SG,23,MIL,4,0,7.3,1.0,2.5,0.4,0.3,0.8,0.333,0.8,1.8,0.429,0.45,0.3,0.5,0.5,2.5,0.0,1.3,1.3,1.0,0.5,0.0,0.3,0.3,2018
202693,1610612760,Markieff Morris,PF,29,TOT,58,16,21.9,3.5,8.3,0.421,1.2,3.5,0.335,2.3,4.8,0.484,0.4920000000000001,1.2,1.6,0.772,9.4,1.1,3.5,4.6,1.4,0.6,0.4,0.9,3.0,2018
1628420,1610612743,Monte Morris,PG,23,DEN,82,6,24.0,4.2,8.6,0.493,1.1,2.8,0.414,3.1,5.8,0.531,0.56,0.8,1.0,0.802,10.4,0.4,1.9,2.4,3.6,0.9,0.0,0.6,1.2,2018
1628405,1610612746,Johnathan Motley,PF,23,LAC,22,0,7.1,1.8,3.3,0.534,0.0,0.1,0.0,1.8,3.2,0.557,0.534,1.1,1.8,0.6,4.6,0.8,1.5,2.3,0.5,0.2,0.1,0.7,1.2,2018
1626144,1610612752,Emmanuel Mudiay,PG,22,NYK,59,42,27.2,5.6,12.5,0.446,1.2,3.6,0.329,4.4,9.0,0.4920000000000001,0.493,2.4,3.2,0.774,14.8,0.6,2.8,3.3,3.9,0.7,0.3,2.4,1.7,2018
1627750,1610612743,Jamal Murray,PG,21,DEN,75,74,32.6,6.8,15.6,0.4370000000000001,2.0,5.5,0.3670000000000001,4.8,10.1,0.476,0.502,2.5,3.0,0.848,18.2,0.9,3.4,4.2,4.8,0.9,0.4,2.1,2.0,2018
203488,1610612747,Mike Muscala,PF,27,TOT,64,10,20.4,2.3,5.6,0.402,1.4,4.0,0.348,0.9,1.6,0.5329999999999999,0.525,1.1,1.3,0.8240000000000001,7.0,0.9,2.9,3.8,1.2,0.3,0.6,0.8,2.0,2018
1627846,1610612760,Abdel Nader,SF,25,OKC,61,1,11.4,1.5,3.5,0.423,0.5,1.6,0.32,1.0,1.9,0.513,0.498,0.4,0.6,0.75,4.0,0.2,1.7,1.9,0.3,0.3,0.2,0.4,1.1,2018
1626204,1610612739,Larry Nance Jr,C,26,CLE,67,30,26.8,3.7,7.1,0.52,0.5,1.5,0.337,3.2,5.7,0.5670000000000001,0.5539999999999999,1.4,2.0,0.716,9.4,2.5,5.7,8.2,3.2,1.5,0.6,1.4,2.9,2018
203894,1610612751,Shabazz Napier,PG,27,BRK,56,2,17.6,3.0,7.8,0.389,1.4,4.1,0.333,1.7,3.7,0.449,0.476,2.1,2.5,0.833,9.4,0.3,1.5,1.8,2.6,0.7,0.3,1.2,1.2,2018
203526,1610612762,Raul Neto,PG,26,UTA,37,1,12.8,2.0,4.4,0.46,0.5,1.6,0.333,1.5,2.7,0.535,0.522,0.8,0.9,0.848,5.3,0.2,1.5,1.7,2.5,0.4,0.1,0.9,1.3,2018
1627777,1610612762,Georges Niang,PF,25,UTA,59,0,8.7,1.5,3.1,0.475,0.7,1.8,0.41,0.7,1.3,0.5660000000000001,0.594,0.3,0.4,0.833,4.0,0.2,1.3,1.5,0.6,0.2,0.1,0.4,1.0,2018
201149,1610612763,Joakim Noah,C,33,MEM,42,1,16.5,2.6,5.1,0.516,0.0,0.0,0.0,2.6,5.0,0.519,0.516,1.9,2.6,0.716,7.1,1.4,4.3,5.7,2.1,0.5,0.7,1.2,2.3,2018
1717,1610612742,Dirk Nowitzki,PF,40,DAL,51,20,15.6,2.6,7.4,0.359,1.3,4.0,0.312,1.4,3.4,0.415,0.444,0.8,1.0,0.78,7.3,0.1,3.0,3.1,0.7,0.2,0.4,0.4,1.5,2018
1628373,1610612752,Frank Ntilikina,PG,20,NYK,43,16,21.0,2.2,6.6,0.337,0.8,2.7,0.287,1.4,3.9,0.371,0.395,0.5,0.7,0.767,5.7,0.3,1.7,2.0,2.8,0.7,0.3,1.3,2.4,2018
203263,1610612745,James Nunnally,SF,28,TOT,15,0,6.8,0.8,2.3,0.353,0.5,1.7,0.32,0.3,0.6,0.444,0.471,0.3,0.3,1.0,2.4,0.0,0.3,0.3,0.5,0.1,0.0,0.1,0.7,2018
1628021,1610612739,David Nwaba,SG,26,CLE,51,14,19.3,2.5,5.1,0.481,0.5,1.5,0.32,2.0,3.7,0.545,0.527,1.1,1.7,0.682,6.5,0.8,2.4,3.2,1.1,0.7,0.3,0.6,2.1,2018
1626220,1610612762,Royce O'Neale,SF,25,UTA,82,16,20.4,2.0,4.2,0.475,0.8,2.1,0.386,1.2,2.0,0.569,0.574,0.4,0.5,0.762,5.2,0.3,3.2,3.5,1.5,0.7,0.3,0.9,2.1,2018
203124,1610612754,Kyle O'Quinn,C,28,IND,45,3,8.2,1.5,3.0,0.507,0.0,0.3,0.083,1.5,2.8,0.5479999999999999,0.511,0.4,0.5,0.81,3.5,0.6,2.0,2.6,1.2,0.2,0.6,0.7,1.5,2018
1628400,1610612738,Semi Ojeleye,PF,24,BOS,56,3,10.6,1.2,2.8,0.424,0.5,1.6,0.315,0.7,1.2,0.565,0.513,0.4,0.7,0.615,3.3,0.4,1.1,1.5,0.4,0.2,0.1,0.3,0.8,2018
1626143,1610612740,Jahlil Okafor,C,23,NOP,59,24,15.8,3.6,6.1,0.586,0.0,0.1,0.2,3.6,6.1,0.591,0.5870000000000001,1.0,1.5,0.6629999999999999,8.2,1.4,3.3,4.7,0.7,0.3,0.7,0.9,1.6,2018
1629059,1610612756,Elie Okobo,PG,21,PHO,53,16,18.1,2.2,5.5,0.393,0.7,2.5,0.295,1.4,3.0,0.475,0.46,0.7,0.9,0.787,5.7,0.2,1.6,1.8,2.4,0.6,0.1,1.3,2.1,2018
1629006,1610612750,Josh Okogie,SG,20,MIN,74,52,23.7,2.6,6.9,0.386,0.8,2.9,0.279,1.8,4.0,0.464,0.445,1.6,2.2,0.728,7.7,0.6,2.4,2.9,1.2,1.2,0.4,0.9,2.2,2018
203506,1610612754,Victor Oladipo,SG,26,IND,36,36,31.9,6.9,16.3,0.423,2.1,6.0,0.343,4.9,10.3,0.47,0.486,2.9,3.9,0.73,18.8,0.6,5.0,5.6,5.2,1.7,0.3,2.3,2.0,2018
203482,1610612748,Kelly Olynyk,PF,27,MIA,79,36,22.9,3.3,7.1,0.463,1.4,4.0,0.354,1.9,3.1,0.604,0.563,1.9,2.3,0.8220000000000001,10.0,0.9,3.8,4.7,1.8,0.7,0.5,1.4,2.3,2018
1626224,1610612739,Cedi Osman,SF,23,CLE,76,75,32.2,4.7,11.1,0.4270000000000001,1.7,4.9,0.348,3.0,6.2,0.489,0.504,1.9,2.4,0.779,13.0,0.6,4.1,4.7,2.6,0.8,0.1,1.5,2.6,2018
1626162,1610612756,Kelly Oubre Jr,SF,23,TOT,69,19,28.0,5.4,12.2,0.445,1.6,4.9,0.32,3.9,7.3,0.53,0.51,2.7,3.5,0.775,15.2,1.0,3.7,4.7,1.2,1.2,0.9,1.5,2.6,2018
2585,1610612765,Zaza Pachulia,C,34,DET,68,3,12.9,1.3,2.8,0.44,0.0,0.1,0.0,1.3,2.8,0.45,0.44,1.4,1.8,0.782,3.9,1.5,2.4,3.9,1.3,0.5,0.3,0.8,2.2,2018
203953,1610612764,Jabari Parker,PF,23,TOT,64,17,26.9,5.8,11.7,0.493,1.0,3.0,0.313,4.8,8.7,0.556,0.5329999999999999,2.0,2.9,0.7120000000000001,14.5,1.2,5.3,6.6,2.4,0.7,0.5,2.4,2.3,2018
2225,1610612766,Tony Parker,PG,36,CHO,56,0,17.9,3.8,8.3,0.46,0.2,0.9,0.255,3.6,7.4,0.485,0.474,1.6,2.2,0.7340000000000001,9.5,0.3,1.2,1.5,3.7,0.4,0.1,1.3,0.9,2018
202718,1610612763,Chandler Parsons,SF,30,MEM,25,3,19.8,2.7,7.3,0.374,1.2,3.8,0.309,1.6,3.5,0.443,0.453,0.9,1.0,0.88,7.5,0.2,2.6,2.8,1.7,0.8,0.2,1.3,1.8,2018
202335,1610612760,Patrick Patterson,PF,29,OKC,63,5,13.7,1.3,3.5,0.374,0.7,2.2,0.336,0.6,1.3,0.439,0.479,0.3,0.5,0.633,3.6,0.7,1.7,2.3,0.5,0.3,0.2,0.3,0.7,2018
1628383,1610612755,Justin Patton,C,21,PHI,3,0,7.0,0.7,2.3,0.28600000000000003,0.0,0.7,0.0,0.7,1.7,0.4,0.28600000000000003,0.3,0.7,0.5,1.7,0.7,1.3,2.0,1.0,0.7,0.0,0.0,1.7,2018
101108,1610612745,Chris Paul,PG,33,HOU,58,58,32.0,5.2,12.4,0.419,2.2,6.1,0.358,3.0,6.3,0.479,0.508,3.0,3.5,0.862,15.6,0.6,3.9,4.6,8.2,2.0,0.3,2.6,2.5,2018
1626166,1610612739,Cameron Payne,PG,24,TOT,40,13,17.8,2.4,5.6,0.43,0.6,2.1,0.298,1.8,3.5,0.511,0.487,0.8,1.0,0.805,6.3,0.3,1.5,1.8,2.7,0.7,0.2,1.1,1.6,2018
203901,1610612740,Elfrid Payton,PG,24,NOP,42,42,29.8,4.3,9.8,0.434,0.8,2.5,0.314,3.5,7.3,0.476,0.475,1.3,1.8,0.743,10.6,1.2,4.1,5.2,7.6,1.0,0.4,2.7,1.9,2018
1629033,1610612751,Theo Pinson,SG,23,BRK,18,0,11.7,1.4,4.1,0.342,0.7,2.6,0.261,0.7,1.5,0.481,0.425,1.1,1.2,0.8640000000000001,4.5,0.2,1.8,2.0,1.2,0.3,0.0,1.0,0.8,2018
203486,1610612743,Mason Plumlee,C,28,DEN,82,17,21.1,3.2,5.4,0.593,0.0,0.1,0.2,3.2,5.3,0.602,0.595,1.4,2.4,0.561,7.8,2.0,4.4,6.4,3.0,0.8,0.9,1.5,3.1,2018
202347,1610612759,Quincy Pondexter,SF,30,SAS,53,0,5.5,0.5,1.1,0.5,0.1,0.3,0.333,0.4,0.8,0.575,0.552,0.6,0.8,0.81,1.8,0.2,0.7,0.9,0.5,0.2,0.0,0.2,0.5,2018
1626171,1610612764,Bobby Portis,PF,23,TOT,50,28,26.0,5.6,12.6,0.444,1.5,3.8,0.393,4.1,8.7,0.467,0.504,1.5,1.9,0.794,14.2,2.2,5.9,8.1,1.4,0.7,0.4,1.5,2.9,2018
203939,1610612742,Dwight Powell,C,27,DAL,77,22,21.6,3.8,6.3,0.597,0.5,1.6,0.307,3.3,4.7,0.6990000000000001,0.637,2.5,3.3,0.772,10.6,1.8,3.5,5.3,1.5,0.6,0.6,0.9,2.6,2018
1626181,1610612761,Norman Powell,SG,25,TOR,60,3,18.8,3.2,6.7,0.483,1.1,2.8,0.4,2.1,3.8,0.5429999999999999,0.568,1.0,1.3,0.8270000000000001,8.6,0.3,2.1,2.3,1.5,0.7,0.2,1.1,1.6,2018
1627816,1610612737,Alex Poythress,PF,25,ATL,21,1,14.5,1.9,3.9,0.494,0.4,1.1,0.391,1.5,2.8,0.534,0.5489999999999999,0.9,1.4,0.621,5.1,1.4,2.2,3.6,0.8,0.2,0.5,0.6,2.2,2018
1627752,1610612737,Taurean Prince,SF,24,ATL,55,47,28.2,4.8,10.8,0.441,2.2,5.7,0.39,2.5,5.1,0.498,0.545,1.7,2.1,0.8190000000000001,13.5,0.4,3.2,3.6,2.1,1.0,0.3,1.8,2.6,2018
1628397,1610612763,Ivan Rabb,PF,21,MEM,49,13,14.7,2.4,4.3,0.547,0.1,0.3,0.2,2.3,4.0,0.574,0.5539999999999999,1.0,1.4,0.71,5.8,1.4,2.8,4.2,1.1,0.3,0.3,0.7,1.8,2018
1626184,1610612764,Chasson Randle,PG,25,WAS,49,2,15.2,1.9,4.4,0.419,0.9,2.3,0.4,0.9,2.1,0.441,0.525,0.9,1.3,0.6940000000000001,5.5,0.2,0.9,1.1,2.0,0.5,0.1,0.9,1.9,2018
203944,1610612740,Julius Randle,PF,24,NOP,73,49,30.6,7.8,14.9,0.524,0.9,2.7,0.344,6.9,12.2,0.564,0.555,4.9,6.7,0.731,21.4,2.2,6.5,8.7,3.1,0.7,0.6,2.8,3.4,2018
200755,1610612755,JJ Redick,SG,34,PHI,76,63,31.3,5.9,13.5,0.44,3.2,8.0,0.397,2.8,5.6,0.502,0.557,3.0,3.4,0.894,18.1,0.3,2.2,2.4,2.7,0.4,0.2,1.3,1.7,2018
1629244,1610612750,Cameron Reynolds,SG,23,MIN,19,0,13.6,1.7,4.1,0.423,1.1,2.7,0.412,0.6,1.4,0.444,0.5579999999999999,0.4,0.5,0.889,5.0,0.2,1.4,1.6,0.7,0.3,0.1,0.3,1.4,2018
1626196,1610612748,Josh Richardson,SG,25,MIA,73,73,34.8,5.8,14.1,0.412,2.2,6.3,0.35700000000000004,3.5,7.8,0.458,0.4920000000000001,2.7,3.2,0.861,16.6,0.7,2.9,3.6,4.1,1.1,0.5,1.5,2.7,2018
1627781,1610612761,Malachi Richardson,SG,23,TOR,22,0,4.7,0.4,1.3,0.31,0.4,1.1,0.32,0.0,0.2,0.25,0.448,0.2,0.2,0.8,1.4,0.1,0.5,0.6,0.0,0.0,0.0,0.4,0.6,2018
203085,1610612745,Austin Rivers,SG,26,TOT,76,15,26.7,3.1,7.5,0.406,1.4,4.3,0.318,1.7,3.2,0.522,0.4970000000000001,0.7,1.3,0.526,8.1,0.3,1.8,2.1,2.2,0.6,0.3,0.9,2.7,2018
1628421,1610612764,Devin Robinson,SF,23,WAS,7,0,13.6,2.7,4.6,0.594,0.0,0.3,0.0,2.7,4.3,0.633,0.594,1.3,2.0,0.643,6.7,0.9,2.0,2.9,0.9,0.6,0.9,0.3,1.6,2018
1629130,1610612748,Duncan Robinson,SF,24,MIA,15,1,10.7,1.2,3.1,0.391,0.7,2.3,0.28600000000000003,0.5,0.7,0.727,0.5,0.3,0.4,0.667,3.3,0.1,1.1,1.3,0.3,0.3,0.0,0.3,0.7,2018
203922,1610612765,Glenn Robinson III,SF,25,DET,47,18,13.0,1.6,3.7,0.42,0.4,1.3,0.29,1.2,2.4,0.491,0.472,0.7,0.9,0.8,4.2,0.4,1.1,1.5,0.4,0.3,0.2,0.4,1.0,2018
1629010,1610612746,Jerome Robinson,SG,21,LAC,33,0,9.7,1.3,3.3,0.4,0.5,1.7,0.316,0.8,1.6,0.491,0.482,0.2,0.3,0.667,3.4,0.1,1.2,1.2,0.6,0.3,0.1,0.4,1.4,2018
200765,1610612747,Rajon Rondo,PG,32,LAL,46,29,29.8,3.8,9.4,0.405,1.1,3.1,0.359,2.7,6.3,0.428,0.464,0.5,0.8,0.639,9.2,0.7,4.5,5.3,8.0,1.2,0.2,2.8,2.2,2018
201565,1610612750,Derrick Rose,PG,30,MIN,51,13,27.3,7.1,14.8,0.482,1.1,2.9,0.37,6.1,11.9,0.509,0.518,2.7,3.1,0.856,18.0,0.6,2.1,2.7,4.3,0.6,0.2,1.6,1.1,2018
203082,1610612753,Terrence Ross,SG,27,ORL,81,0,26.5,5.4,12.7,0.428,2.7,7.0,0.383,2.8,5.7,0.484,0.534,1.6,1.8,0.875,15.1,0.3,3.1,3.5,1.7,0.9,0.4,1.1,1.5,2018
1626179,1610612738,Terry Rozier,PG,24,BOS,79,14,22.7,3.3,8.4,0.387,1.5,4.3,0.353,1.8,4.2,0.422,0.477,0.9,1.2,0.785,9.0,0.4,3.5,3.9,2.9,0.9,0.3,0.9,1.3,2018
201937,1610612762,Ricky Rubio,PG,28,UTA,68,67,27.9,4.3,10.7,0.404,1.2,3.7,0.311,3.2,7.0,0.454,0.458,2.9,3.4,0.855,12.7,0.5,3.1,3.6,6.1,1.3,0.1,2.6,2.6,2018
1626156,1610612751,D'Angelo Russell,PG,22,BRK,81,81,30.2,8.1,18.7,0.434,2.9,7.8,0.369,5.2,10.9,0.482,0.512,2.0,2.5,0.78,21.1,0.7,3.2,3.9,7.0,1.2,0.2,3.1,1.7,2018
1627734,1610612754,Domantas Sabonis,C,22,IND,74,5,24.8,5.6,9.5,0.59,0.1,0.2,0.529,5.5,9.2,0.5920000000000001,0.596,2.8,3.9,0.715,14.1,2.5,6.8,9.3,2.9,0.6,0.4,2.2,3.2,2018
1629102,1610612741,Brandon Sampson,SG,21,CHI,14,2,15.3,2.0,4.3,0.467,0.8,2.1,0.379,1.2,2.2,0.5479999999999999,0.5579999999999999,0.3,0.4,0.667,5.1,0.2,0.9,1.1,0.7,0.6,0.2,0.9,1.4,2018
203960,1610612741,JaKarr Sampson,SF,25,CHI,4,0,31.8,7.3,13.5,0.537,1.3,3.5,0.35700000000000004,6.0,10.0,0.6,0.583,4.3,5.3,0.81,20.0,1.3,6.8,8.0,1.0,1.0,0.8,1.0,2.0,2018
203118,1610612755,Mike Scott,PF,30,TOT,79,3,17.7,2.1,5.3,0.4,1.3,3.2,0.401,0.8,2.1,0.399,0.52,0.3,0.4,0.667,5.8,0.5,2.9,3.5,0.8,0.3,0.2,0.6,2.0,2018
200757,1610612762,Thabo Sefolosha,SF,34,UTA,50,2,12.2,1.4,3.0,0.477,0.7,1.6,0.436,0.7,1.4,0.521,0.591,0.3,0.4,0.636,3.8,0.2,2.3,2.5,0.5,0.9,0.1,0.5,0.8,2018
1627782,1610612741,Wayne Selden,SG,24,TOT,75,13,19.2,2.6,6.4,0.406,0.7,2.3,0.316,1.9,4.1,0.456,0.463,0.9,1.2,0.728,6.9,0.5,1.9,2.4,1.5,0.4,0.2,1.1,1.7,2018
1629012,1610612739,Collin Sexton,PG,20,CLE,82,72,31.8,6.3,14.7,0.43,1.5,3.6,0.402,4.9,11.1,0.44,0.48,2.6,3.1,0.8390000000000001,16.7,0.7,2.2,2.9,3.0,0.5,0.1,2.3,2.3,2018
1629013,1610612746,Landry Shamet,SG,21,TOT,79,27,22.8,3.0,7.1,0.431,2.1,5.0,0.422,0.9,2.0,0.453,0.581,0.9,1.2,0.8059999999999999,9.1,0.3,1.4,1.7,1.5,0.5,0.1,0.6,2.0,2018
202697,1610612745,Iman Shumpert,SG,28,TOT,62,41,23.9,2.7,7.2,0.374,1.5,4.4,0.348,1.2,2.8,0.416,0.481,0.6,0.7,0.8,7.5,0.4,2.5,3.0,1.8,1.0,0.4,0.8,2.0,2018
1627783,1610612761,Pascal Siakam,PF,24,TOR,80,79,31.9,6.5,11.8,0.5489999999999999,1.0,2.7,0.369,5.5,9.1,0.602,0.591,3.0,3.8,0.785,16.9,1.6,5.3,6.9,3.1,0.9,0.7,1.9,3.0,2018
1627732,1610612755,Ben Simmons,PG,22,PHI,79,79,34.2,6.8,12.2,0.563,0.0,0.1,0.0,6.8,12.1,0.5660000000000001,0.563,3.3,5.4,0.6,16.9,2.2,6.6,8.8,7.7,1.4,0.8,3.5,2.6,2018
203613,1610612755,Jonathon Simmons,SG-SF,29,TOT,56,9,19.0,2.4,6.3,0.38,0.5,1.9,0.269,1.9,4.4,0.4270000000000001,0.42,1.3,1.7,0.742,6.5,0.5,1.8,2.3,2.3,0.5,0.3,1.2,1.6,2018
1629014,1610612757,Anfernee Simons,SG,19,POR,20,1,7.1,1.4,3.2,0.444,0.5,1.5,0.345,0.9,1.7,0.529,0.524,0.5,0.8,0.563,3.8,0.2,0.5,0.7,0.7,0.1,0.0,0.6,0.5,2018
203935,1610612738,Marcus Smart,SG,24,BOS,80,60,27.5,3.0,7.1,0.422,1.6,4.3,0.364,1.4,2.8,0.511,0.5329999999999999,1.3,1.6,0.8059999999999999,8.9,0.7,2.2,2.9,4.0,1.8,0.4,1.5,2.5,2018
1628372,1610612752,Dennis Smith Jr,PG,21,TOT,53,50,28.5,5.2,12.3,0.428,1.3,3.9,0.322,4.0,8.3,0.477,0.479,1.9,2.9,0.635,13.6,0.6,2.3,2.9,4.8,1.3,0.4,2.9,2.4,2018
202397,1610612765,Ish Smith,PG,30,DET,56,0,22.3,3.7,8.7,0.419,0.8,2.4,0.326,2.9,6.3,0.455,0.464,0.8,1.1,0.758,8.9,0.4,2.2,2.6,3.6,0.5,0.2,1.1,1.9,2018
2747,1610612739,JR Smith,SG,33,CLE,11,4,20.2,2.5,7.2,0.342,1.1,3.5,0.308,1.4,3.6,0.375,0.418,0.7,0.9,0.8,6.7,0.0,1.6,1.6,1.9,1.0,0.3,1.0,1.7,2018
201160,1610612740,Jason Smith,PF-C,32,TOT,20,1,9.5,1.1,3.0,0.35600000000000004,0.5,1.3,0.34600000000000003,0.6,1.7,0.364,0.4320000000000001,0.7,0.8,0.875,3.3,0.8,1.8,2.6,0.7,0.2,0.4,0.7,1.5,2018
1629015,1610612755,Zhaire Smith,SG,19,PHI,6,2,18.5,2.3,5.7,0.412,1.0,2.7,0.375,1.3,3.0,0.444,0.5,1.0,1.3,0.75,6.7,0.5,1.7,2.2,1.7,0.3,0.3,1.0,1.3,2018
203503,1610612749,Tony Snell,SF,27,MIL,74,12,17.6,2.2,4.9,0.452,1.1,2.8,0.397,1.1,2.1,0.522,0.564,0.5,0.6,0.8809999999999999,6.0,0.4,1.7,2.1,0.9,0.4,0.2,0.3,1.2,2018
1629034,1610612756,Ray Spalding,PF,21,TOT,14,3,10.6,1.8,3.4,0.532,0.0,0.2,0.0,1.8,3.1,0.568,0.532,0.3,0.9,0.333,3.9,1.1,2.4,3.4,0.4,0.6,0.6,0.6,1.6,2018
1629016,1610612737,Omari Spellman,PF,21,ATL,46,11,17.5,2.1,5.3,0.402,1.0,2.8,0.344,1.2,2.5,0.466,0.4920000000000001,0.7,1.0,0.711,5.9,1.6,2.7,4.2,1.0,0.6,0.5,0.7,1.5,2018
203917,1610612739,Nik Stauskas,SG,25,TOT,68,0,14.9,2.0,5.0,0.402,1.0,2.8,0.3720000000000001,1.0,2.2,0.44,0.506,0.8,0.9,0.8909999999999999,5.9,0.3,1.6,1.9,1.2,0.3,0.1,0.8,0.7,2018
202362,1610612747,Lance Stephenson,SG,28,LAL,68,3,16.5,2.7,6.4,0.426,1.1,2.9,0.371,1.6,3.5,0.472,0.51,0.7,1.1,0.685,7.2,0.5,2.7,3.2,2.1,0.6,0.1,1.3,1.6,2018
1628410,1610612754,Edmond Sumner,PG,23,IND,23,2,9.1,1.0,2.8,0.344,0.3,1.2,0.259,0.7,1.6,0.405,0.398,0.7,1.0,0.625,2.9,0.4,0.7,1.0,0.4,0.5,0.2,0.4,1.1,2018
1628403,1610612758,Caleb Swanigan,PF,21,TOT,21,0,8.5,0.9,2.5,0.34,0.0,0.3,0.14300000000000002,0.8,2.2,0.37,0.349,0.3,0.4,0.667,2.0,0.8,2.2,3.0,0.5,0.3,0.0,0.9,1.3,2018
1628369,1610612738,Jayson Tatum,SF,20,BOS,79,79,31.1,5.9,13.1,0.45,1.5,3.9,0.373,4.4,9.2,0.483,0.506,2.5,2.9,0.855,15.7,0.9,5.2,6.0,2.1,1.1,0.7,1.5,2.1,2018
201952,1610612750,Jeff Teague,PG,30,MIN,42,41,30.1,4.2,9.9,0.423,0.8,2.5,0.333,3.4,7.4,0.453,0.465,2.9,3.6,0.804,12.1,0.4,2.1,2.5,8.2,1.0,0.4,2.3,2.1,2018
202066,1610612746,Garrett Temple,SG,32,TOT,75,55,27.2,2.8,6.6,0.422,1.2,3.5,0.341,1.6,3.1,0.515,0.513,1.1,1.4,0.748,7.8,0.4,2.5,2.9,1.4,1.0,0.4,0.9,2.7,2018
1629123,1610612750,Jared Terrell,SG,23,MIN,14,0,7.9,0.9,2.8,0.308,0.3,1.2,0.235,0.6,1.6,0.364,0.359,0.2,0.4,0.5,2.2,0.1,0.4,0.4,0.9,0.2,0.1,0.7,1.1,2018
1628464,1610612738,Daniel Theis,C,26,BOS,66,2,13.8,2.2,4.0,0.5489999999999999,0.4,1.0,0.388,1.8,3.0,0.603,0.598,0.8,1.2,0.737,5.7,1.3,2.1,3.4,1.0,0.3,0.6,0.5,2.4,2018
202738,1610612743,Isaiah Thomas,SG,29,DEN,12,0,15.1,2.8,8.3,0.343,1.0,3.6,0.279,1.8,4.7,0.393,0.404,1.4,2.3,0.63,8.1,0.4,0.7,1.1,1.9,0.4,0.1,1.5,1.4,2018
1629017,1610612765,Khyri Thomas,SG,22,DET,26,0,7.5,0.8,2.7,0.319,0.4,1.3,0.28600000000000003,0.5,1.3,0.353,0.391,0.3,0.4,0.636,2.3,0.2,0.6,0.8,0.3,0.3,0.2,0.2,0.8,2018
202498,1610612752,Lance Thomas,PF,30,NYK,46,17,17.0,1.7,4.3,0.396,0.5,1.7,0.278,1.2,2.6,0.475,0.452,0.6,0.8,0.75,4.5,0.5,2.1,2.5,0.6,0.4,0.2,0.5,1.8,2018
202691,1610612744,Klay Thompson,SG,28,GSW,78,78,34.0,8.4,18.0,0.467,3.1,7.7,0.402,5.3,10.3,0.516,0.5529999999999999,1.7,2.0,0.816,21.5,0.5,3.4,3.8,2.4,1.1,0.6,1.5,2.0,2018
1628414,1610612746,Sindarius Thornwell,SG,24,LAC,64,1,4.9,0.3,0.8,0.34700000000000003,0.0,0.2,0.2,0.2,0.5,0.412,0.378,0.4,0.5,0.735,1.0,0.1,0.6,0.7,0.3,0.2,0.1,0.3,0.6,2018
201229,1610612750,Anthony Tolliver,PF,33,MIN,65,0,16.6,1.5,4.0,0.382,1.2,3.3,0.377,0.3,0.7,0.409,0.539,0.7,0.9,0.7829999999999999,5.0,0.2,2.5,2.7,0.7,0.3,0.3,0.6,1.4,2018
1626157,1610612750,Karl-Anthony Towns,C,23,MIN,77,77,33.1,8.8,17.1,0.518,1.8,4.6,0.4,7.0,12.5,0.562,0.5720000000000001,4.9,5.8,0.836,24.4,3.4,9.0,12.4,3.4,0.9,1.6,3.1,3.8,2018
1629018,1610612757,Gary Trent Jr,SG,20,POR,15,1,7.4,1.1,3.3,0.32,0.3,1.4,0.238,0.7,1.9,0.379,0.37,0.2,0.5,0.429,2.7,0.1,0.7,0.7,0.3,0.1,0.1,0.3,0.3,2018
1629019,1610612752,Allonzo Trier,SG,23,NYK,64,3,22.8,3.6,8.1,0.448,0.8,2.1,0.394,2.8,6.0,0.466,0.498,2.8,3.5,0.8029999999999999,10.9,0.5,2.6,3.1,1.9,0.4,0.2,1.8,1.8,2018
200782,1610612745,PJ Tucker,PF,33,HOU,82,82,34.2,2.5,6.4,0.396,1.8,4.7,0.377,0.7,1.7,0.449,0.535,0.5,0.7,0.695,7.3,1.5,4.4,5.8,1.2,1.6,0.5,0.8,3.1,2018
202323,1610612757,Evan Turner,PG,30,POR,73,2,22.0,2.8,6.1,0.46,0.2,0.7,0.212,2.6,5.4,0.494,0.473,1.0,1.5,0.708,6.8,0.5,4.0,4.5,3.9,0.5,0.2,1.6,1.5,2018
1626167,1610612754,Myles Turner,C,22,IND,74,74,28.6,5.1,10.5,0.487,1.0,2.6,0.388,4.1,7.9,0.521,0.536,2.0,2.7,0.736,13.3,1.4,5.8,7.2,1.6,0.8,2.7,1.4,2.6,2018
1629020,1610612743,Jarred Vanderbilt,PF,19,DEN,17,0,4.1,0.5,1.1,0.474,0.0,0.1,0.0,0.5,1.1,0.5,0.474,0.4,0.6,0.6,1.4,0.4,0.9,1.4,0.2,0.4,0.1,0.5,0.5,2018
1627832,1610612761,Fred VanVleet,PG,24,TOR,64,28,27.5,3.8,9.4,0.41,1.8,4.6,0.378,2.1,4.8,0.441,0.503,1.5,1.8,0.843,11.0,0.3,2.3,2.6,4.8,0.9,0.3,1.3,1.7,2018
203943,1610612752,Noah Vonleh,PF,23,NYK,68,57,25.3,3.0,6.5,0.47,0.7,2.0,0.336,2.4,4.5,0.531,0.523,1.6,2.3,0.7120000000000001,8.4,1.7,6.1,7.8,1.9,0.7,0.8,1.3,2.6,2018
2548,1610612748,Dwyane Wade,SG,37,MIA,72,2,26.2,5.8,13.3,0.433,1.2,3.6,0.33,4.6,9.7,0.472,0.478,2.3,3.2,0.708,15.0,1.0,3.0,4.0,4.2,0.8,0.5,2.3,1.6,2018
1629021,1610612747,Moritz Wagner,C,21,LAL,43,5,10.4,1.7,4.0,0.415,0.5,1.8,0.28600000000000003,1.1,2.2,0.521,0.48,1.0,1.2,0.8109999999999999,4.8,0.4,1.6,2.0,0.6,0.3,0.3,0.9,1.3,2018
203079,1610612748,Dion Waiters,SG,27,MIA,44,28,25.9,4.5,10.9,0.414,2.5,6.6,0.377,2.0,4.3,0.471,0.528,0.5,1.0,0.5,12.0,0.2,2.5,2.6,2.8,0.7,0.2,1.5,1.6,2018
202689,1610612766,Kemba Walker,PG,28,CHO,82,82,34.9,8.9,20.5,0.434,3.2,8.9,0.35600000000000004,5.7,11.6,0.494,0.511,4.6,5.5,0.8440000000000001,25.6,0.6,3.8,4.4,5.9,1.2,0.4,2.6,1.6,2018
202322,1610612764,John Wall,PG,28,WAS,32,32,34.5,7.7,17.3,0.444,1.6,5.3,0.302,6.1,12.0,0.507,0.49,3.8,5.5,0.6970000000000001,20.7,0.5,3.2,3.6,8.7,1.5,0.9,3.8,2.2,2018
1627820,1610612746,Tyrone Wallace,PG,24,LAC,62,0,10.1,1.5,3.5,0.424,0.1,0.3,0.211,1.4,3.2,0.444,0.433,0.5,0.9,0.526,3.5,0.3,1.3,1.6,0.7,0.3,0.1,0.6,1.3,2018
202954,1610612738,Brad Wanamaker,PG,29,BOS,36,0,9.5,1.4,2.9,0.476,0.4,1.1,0.41,0.9,1.8,0.515,0.552,0.7,0.8,0.857,3.9,0.1,1.1,1.1,1.6,0.3,0.1,0.5,0.9,2018
203933,1610612756,TJ Warren,SF,25,PHO,43,36,31.6,6.9,14.2,0.486,1.8,4.2,0.428,5.1,10.0,0.51,0.5489999999999999,2.3,2.9,0.815,18.0,0.7,3.3,4.0,1.5,1.2,0.7,1.2,2.8,2018
1627395,1610612763,Julian Washburn,SF,27,MEM,18,3,14.1,0.9,2.7,0.333,0.3,1.3,0.208,0.6,1.3,0.458,0.385,0.2,0.2,0.75,2.2,0.4,1.8,2.3,0.8,0.7,0.1,0.4,0.9,2018
1629139,1610612763,Yuta Watanabe,SF,24,MEM,15,0,11.6,1.0,3.4,0.294,0.1,1.1,0.125,0.9,2.3,0.371,0.314,0.5,0.7,0.7,2.6,0.3,1.8,2.1,0.5,0.3,0.1,0.4,0.7,2018
1629118,1610612743,Thomas Welsh,C,22,DEN,11,0,3.3,0.6,1.2,0.5379999999999999,0.3,0.6,0.429,0.4,0.5,0.667,0.654,0.1,0.2,0.5,1.6,0.0,0.4,0.4,0.5,0.0,0.0,0.1,0.3,2018
201566,1610612760,Russell Westbrook,PG,30,OKC,73,73,36.0,8.6,20.2,0.428,1.6,5.6,0.29,7.0,14.5,0.481,0.468,4.1,6.2,0.6559999999999999,22.9,1.5,9.6,11.1,10.7,1.9,0.5,4.5,3.4,2018
1628401,1610612759,Derrick White,PG,24,SAS,67,55,25.8,3.9,8.1,0.479,0.7,2.1,0.338,3.2,6.0,0.529,0.523,1.4,1.8,0.772,9.9,0.5,3.2,3.7,3.9,1.0,0.7,1.4,2.2,2018
202355,1610612748,Hassan Whiteside,C,29,MIA,72,53,23.3,5.4,9.4,0.5710000000000001,0.0,0.2,0.125,5.4,9.2,0.581,0.5720000000000001,1.5,3.4,0.449,12.3,3.6,7.8,11.3,0.8,0.6,1.9,1.3,2.7,2018
203952,1610612750,Andrew Wiggins,SF,23,MIN,73,73,34.8,6.8,16.6,0.412,1.6,4.8,0.339,5.2,11.8,0.441,0.461,2.8,4.1,0.6990000000000001,18.1,1.1,3.7,4.8,2.5,1.0,0.7,1.9,2.1,2018
1626210,1610612751,Alan Williams,PF,26,BRK,5,0,5.2,1.6,2.6,0.615,0.0,0.2,0.0,1.6,2.4,0.667,0.615,0.4,0.8,0.5,3.6,0.8,3.0,3.8,0.6,0.2,0.0,0.2,0.4,2018
203710,1610612750,CJ Williams,SG,28,MIN,15,0,8.5,1.1,2.3,0.486,0.3,1.1,0.313,0.8,1.3,0.632,0.557,0.0,0.1,0.0,2.6,0.1,0.5,0.5,0.8,0.4,0.0,0.3,1.1,2018
1629140,1610612747,Johnathan Williams,C,23,LAL,24,0,15.5,2.7,4.6,0.591,0.0,0.1,0.0,2.7,4.5,0.602,0.591,1.1,2.0,0.563,6.5,2.0,2.1,4.1,0.5,0.3,0.3,0.7,2.6,2018
1629026,1610612740,Kenrich Williams,SF,24,NOP,46,29,23.5,2.3,6.1,0.384,1.1,3.4,0.333,1.2,2.7,0.447,0.477,0.3,0.4,0.684,6.1,1.2,3.6,4.8,1.8,1.0,0.4,0.8,2.1,2018
101150,1610612746,Lou Williams,SG,32,LAC,75,1,26.6,6.5,15.2,0.425,1.4,3.9,0.361,5.1,11.3,0.447,0.471,5.7,6.5,0.8759999999999999,20.0,0.5,2.4,3.0,5.4,0.8,0.1,2.4,1.1,2018
101107,1610612766,Marvin Williams,PF,32,CHO,75,75,28.4,3.7,8.7,0.422,1.9,5.1,0.366,1.8,3.6,0.5,0.529,0.9,1.1,0.767,10.1,1.0,4.4,5.4,1.2,0.9,0.8,0.6,2.1,2018
1627786,1610612758,Troy Williams,SF,24,SAC,21,0,14.9,2.1,4.7,0.449,0.7,2.1,0.318,1.4,2.6,0.556,0.52,0.4,0.7,0.6,5.3,0.6,2.2,2.8,0.5,0.5,0.4,0.4,1.8,2018
1628391,1610612749,DJ Wilson,PF,22,MIL,48,3,18.4,2.2,5.2,0.414,1.0,2.6,0.362,1.2,2.6,0.468,0.506,0.5,1.0,0.5529999999999999,5.8,0.9,3.7,4.6,1.1,0.4,0.4,0.7,1.8,2018
1626159,1610612748,Justise Winslow,SF,22,MIA,66,52,29.7,4.9,11.3,0.433,1.5,3.9,0.375,3.5,7.5,0.462,0.4970000000000001,1.3,2.1,0.628,12.6,1.0,4.4,5.4,4.3,1.1,0.3,2.2,2.7,2018
1626174,1610612740,Christian Wood,PF,23,TOT,21,2,12.0,2.9,5.6,0.521,0.4,1.2,0.34600000000000003,2.5,4.3,0.5710000000000001,0.56,2.0,2.7,0.732,8.2,0.8,3.1,4.0,0.4,0.3,0.5,0.8,0.8,2018
1626153,1610612763,Delon Wright,PG,26,TOT,75,13,22.7,3.2,7.4,0.434,0.7,2.2,0.298,2.6,5.2,0.4920000000000001,0.478,1.6,2.0,0.7929999999999999,8.7,0.9,2.6,3.5,3.3,1.2,0.4,1.0,1.4,2018
1627824,1610612738,Guerschon Yabusele,PF,23,BOS,41,1,6.1,0.9,1.9,0.455,0.2,0.7,0.321,0.6,1.2,0.531,0.513,0.4,0.5,0.682,2.3,0.6,0.7,1.3,0.4,0.2,0.2,0.4,0.8,2018
201152,1610612754,Thaddeus Young,PF,30,IND,81,81,30.7,5.5,10.4,0.527,0.6,1.8,0.349,4.8,8.6,0.564,0.557,1.1,1.7,0.644,12.6,2.4,4.1,6.5,2.5,1.5,0.4,1.5,2.4,2018
1629027,1610612737,Trae Young,PG,20,ATL,81,81,30.9,6.5,15.5,0.418,1.9,6.0,0.324,4.6,9.6,0.477,0.48,4.2,5.1,0.8290000000000001,19.1,0.8,2.9,3.7,8.1,0.9,0.2,3.8,1.7,2018
203469,1610612766,Cody Zeller,C,26,CHO,49,47,25.4,3.9,7.0,0.551,0.1,0.4,0.273,3.8,6.6,0.57,0.5589999999999999,2.3,2.9,0.787,10.1,2.2,4.6,6.8,2.1,0.8,0.8,1.3,3.3,2018
203092,1610612763,Tyler Zeller,C,29,TOT,6,1,15.5,2.7,5.0,0.5329999999999999,0.0,0.2,0.0,2.7,4.8,0.552,0.5329999999999999,2.3,3.0,0.778,7.7,1.8,2.2,4.0,0.7,0.2,0.5,0.7,3.3,2018
