,index,player_id,team_id,player_name,season
0,626,202695,1610612761,Kawhi Leonard,2018
1,627,1627783,1610612761,Pascal Siakam,2018
2,628,201188,1610612761,Marc Gasol,2018
3,629,201980,1610612761,Danny Green,2018
4,630,200768,1610612761,Kyle Lowry,2018
5,631,1627832,1610612761,Fred VanVleet,2018
6,632,201586,1610612761,Serge Ibaka,2018
7,633,1626181,1610612761,Norman Powell,2018
8,634,1628384,1610612761,OG Anunoby,2018
9,635,202391,1610612761,Jeremy Lin,2018
10,636,1627775,1610612761,Patrick McCaw,2018
11,637,201975,1610612761,Jodie Meeks,2018
12,638,1626259,1610612761,Malcolm Miller,2018
13,639,2738,1610612744,Andre Iguodala,2018
14,640,203110,1610612744,Draymond Green,2018
15,641,1626172,1610612744,Kevon Looney,2018
16,642,202691,1610612744,Klay Thompson,2018
17,643,201939,1610612744,Stephen Curry,2018
18,644,101106,1610612744,Andrew Bogut,2018
19,645,1628035,1610612744,Alfonzo McKinnie,2018
20,646,202326,1610612744,DeMarcus Cousins,2018
21,647,1626188,1610612744,Quinn Cook,2018
22,648,2733,1610612744,Shaun Livingston,2018
23,649,201973,1610612744,Jonas Jerebko,2018
24,650,1628395,1610612744,Jordan Bell,2018
25,651,1628980,1610612744,Jacob Evans,2018
26,652,201142,1610612744,Kevin Durant,2018
27,653,1628449,1610612761,Chris Boucher,2018
28,654,203961,1610612761,Eric Moreland,2018
29,655,1627745,1610612744,Damian Jones,2018
30,656,203114,1610612749,Khris Middleton,2018
31,657,203507,1610612749,Giannis Antetokounmpo,2018
32,658,201572,1610612749,Brook Lopez,2018
33,659,1627763,1610612749,Malcolm Brogdon,2018
34,660,202339,1610612749,Eric Bledsoe,2018
35,661,201588,1610612749,George Hill,2018
36,662,101141,1610612749,Ersan Ilyasova,2018
37,663,1626192,1610612749,Pat Connaughton,2018
38,664,1628425,1610612749,Sterling Brown,2018
39,665,204025,1610612749,Tim Frazier,2018
40,666,202703,1610612749,Nikola Mirotic,2018
41,667,203503,1610612749,Tony Snell,2018
42,668,1628391,1610612749,D.J. Wilson,2018
43,669,203090,1610612757,Maurice Harkless,2018
44,670,202329,1610612757,Al-Farouq Aminu,2018
45,671,203086,1610612757,Meyers Leonard,2018
46,672,203468,1610612757,CJ McCollum,2018
47,673,203081,1610612757,Damian Lillard,2018
48,674,203918,1610612757,Rodney Hood,2018
49,675,1628380,1610612757,Zach Collins,2018
50,676,203552,1610612757,Seth Curry,2018
51,677,202683,1610612757,Enes Kanter,2018
52,678,202323,1610612757,Evan Turner,2018
53,679,1627746,1610612757,Skal Labissiere,2018
54,680,1627774,1610612757,Jake Layman,2018
55,681,1629014,1610612757,Anfernee Simons,2018
56,682,1628470,1610612743,Torrey Craig,2018
57,683,200794,1610612743,Paul Millsap,2018
58,684,203999,1610612743,Nikola Jokic,2018
59,685,203914,1610612743,Gary Harris,2018
60,686,1627750,1610612743,Jamal Murray,2018
61,687,203486,1610612743,Mason Plumlee,2018
62,688,203115,1610612743,Will Barton,2018
63,689,1627736,1610612743,Malik Beasley,2018
64,690,1628420,1610612743,Monte Morris,2018
65,691,1627823,1610612743,Juancho Hernangomez,2018
66,692,1626168,1610612743,Trey Lyles,2018
67,693,202738,1610612743,Isaiah Thomas,2018
68,694,1629020,1610612743,Jarred Vanderbilt,2018
69,695,202710,1610612755,Jimmy Butler,2018
70,696,202699,1610612755,Tobias Harris,2018
71,697,203954,1610612755,Joel Embiid,2018
72,698,200755,1610612755,JJ Redick,2018
73,699,1627732,1610612755,Ben Simmons,2018
74,700,203516,1610612755,James Ennis III,2018
75,701,202328,1610612755,Greg Monroe,2018
76,702,203118,1610612755,Mike Scott,2018
77,703,1628413,1610612755,Jonah Bolden,2018
78,704,101161,1610612755,Amir Johnson,2018
79,705,1626246,1610612755,Boban Marjanovic,2018
80,706,204456,1610612755,T.J. McConnell,2018
81,707,203613,1610612755,Jonathon Simmons,2018
82,708,201569,1610612745,Eric Gordon,2018
83,709,200782,1610612745,P.J. Tucker,2018
84,710,203991,1610612745,Clint Capela,2018
85,711,201935,1610612745,James Harden,2018
86,712,101108,1610612745,Chris Paul,2018
87,713,2403,1610612745,Nene,2018
88,714,203085,1610612745,Austin Rivers,2018
89,715,202697,1610612745,Iman Shumpert,2018
90,716,101123,1610612745,Gerald Green,2018
91,717,1629109,1610612745,Gary Clark,2018
92,718,202702,1610612745,Kenneth Faried,2018
93,719,1628392,1610612745,Isaiah Hartenstein,2018
94,720,1627863,1610612745,Danuel House Jr.,2018
95,721,1628369,1610612738,Jayson Tatum,2018
96,722,201143,1610612738,Al Horford,2018
97,723,203382,1610612738,Aron Baynes,2018
98,724,1627759,1610612738,Jaylen Brown,2018
99,725,202681,1610612738,Kyrie Irving,2018
100,726,202694,1610612738,Marcus Morris Sr.,2018
101,727,202330,1610612738,Gordon Hayward,2018
102,728,203935,1610612738,Marcus Smart,2018
103,729,1626179,1610612738,Terry Rozier,2018
104,730,1628464,1610612738,Daniel Theis,2018
105,731,1627824,1610612738,Guerschon Yabusele,2018
106,732,1628400,1610612738,Semi Ojeleye,2018
107,733,202954,1610612738,Brad Wanamaker,2018
108,734,1626187,1610612745,Michael Frazier,2018
109,735,1629057,1610612738,Robert Williams III,2018
110,736,1627788,1610612755,Furkan Korkmaz,2018
111,737,1629185,1610612745,Chris Chiozza,2018
112,738,1629015,1610612755,Zhaire Smith,2018
113,739,201942,1610612759,DeMar DeRozan,2018
114,740,200746,1610612759,LaMarcus Aldridge,2018
115,741,1627751,1610612759,Jakob Poeltl,2018
116,742,1627854,1610612759,Bryn Forbes,2018
117,743,1628401,1610612759,Derrick White,2018
118,744,200752,1610612759,Rudy Gay,2018
119,745,201988,1610612759,Patty Mills,2018
120,746,201158,1610612759,Marco Belinelli,2018
121,747,202722,1610612759,Davis Bertans,2018
122,748,201967,1610612759,Dante Cunningham,2018
123,749,202700,1610612759,Donatas Motiejunas,2018
124,750,202347,1610612759,Quincy Pondexter,2018
125,751,1629022,1610612759,Lonnie Walker IV,2018
126,752,201976,1610612746,Patrick Beverley,2018
127,753,201568,1610612746,Danilo Gallinari,2018
128,754,203210,1610612746,JaMychal Green,2018
129,755,1629013,1610612746,Landry Shamet,2018
130,756,1628983,1610612746,Shai Gilgeous-Alexander,2018
131,757,101150,1610612746,Lou Williams,2018
132,758,1626149,1610612746,Montrezl Harrell,2018
133,759,202066,1610612746,Garrett Temple,2018
134,760,1628414,1610612746,Sindarius Thornwell,2018
135,761,1629010,1610612746,Jerome Robinson,2018
136,762,1627826,1610612746,Ivica Zubac,2018
137,763,201163,1610612746,Wilson Chandler,2018
138,764,1627820,1610612746,Tyrone Wallace,2018
139,765,204060,1610612762,Joe Ingles,2018
140,766,203109,1610612762,Jae Crowder,2018
141,767,203497,1610612762,Rudy Gobert,2018
142,768,1628378,1610612762,Donovan Mitchell,2018
143,769,201937,1610612762,Ricky Rubio,2018
144,770,1626220,1610612762,Royce O'Neale,2018
145,771,200757,1610612762,Thabo Sefolosha,2018
146,772,1627777,1610612762,Georges Niang,2018
147,773,202324,1610612762,Derrick Favors,2018
148,774,1628960,1610612762,Grayson Allen,2018
149,775,2594,1610612762,Kyle Korver,2018
150,776,203526,1610612762,Raul Neto,2018
151,777,202327,1610612762,Ekpe Udoh,2018
152,778,1628371,1610612753,Jonathan Isaac,2018
153,779,203932,1610612753,Aaron Gordon,2018
154,780,202696,1610612753,Nikola Vucevic,2018
155,781,203095,1610612753,Evan Fournier,2018
156,782,201571,1610612753,D.J. Augustin,2018
157,783,203082,1610612753,Terrence Ross,2018
158,784,203920,1610612753,Khem Birch,2018
159,785,203487,1610612753,Michael Carter-Williams,2018
160,786,1628411,1610612753,Wes Iwundu,2018
161,787,1626185,1610612753,Jarell Martin,2018
162,788,1628982,1610612753,Melvin Frazier Jr.,2018
163,789,1626170,1610612753,Jerian Grant,2018
164,790,203925,1610612751,Joe Harris,2018
165,791,201162,1610612751,Jared Dudley,2018
166,792,1628386,1610612751,Jarrett Allen,2018
167,793,1627747,1610612751,Caris LeVert,2018
168,794,1626156,1610612751,D'Angelo Russell,2018
169,795,1626203,1610612751,Treveon Graham,2018
170,796,203915,1610612751,Spencer Dinwiddie,2018
171,797,1626178,1610612751,Rondae Hollis-Jefferson,2018
172,798,201960,1610612751,DeMarre Carroll,2018
173,799,1629066,1610612751,Rodions Kurucs,2018
174,800,203894,1610612751,Shabazz Napier,2018
175,801,1629033,1610612751,Theo Pinson,2018
176,802,1629058,1610612751,Dzanan Musa,2018
177,803,202331,1610612760,Paul George,2018
178,804,203924,1610612760,Jerami Grant,2018
179,805,203500,1610612760,Steven Adams,2018
180,806,1628390,1610612760,Terrance Ferguson,2018
181,807,201566,1610612760,Russell Westbrook,2018
182,808,203457,1610612760,Nerlens Noel,2018
183,809,203471,1610612760,Dennis Schroder,2018
184,810,202693,1610612760,Markieff Morris,2018
185,811,101109,1610612760,Raymond Felton,2018
186,812,1629126,1610612760,Deonte Burton,2018
187,813,1627846,1610612760,Abdel Nader,2018
188,814,202335,1610612760,Patrick Patterson,2018
189,815,1628971,1610612765,Bruce Brown,2018
190,816,201933,1610612765,Blake Griffin,2018
191,817,203083,1610612765,Andre Drummond,2018
192,818,201961,1610612765,Wayne Ellington,2018
193,819,202704,1610612765,Reggie Jackson,2018
194,820,1628379,1610612765,Luke Kennard,2018
195,821,204038,1610612765,Langston Galloway,2018
196,822,202397,1610612765,Ish Smith,2018
197,823,1627748,1610612765,Thon Maker,2018
198,824,203922,1610612765,Glenn Robinson III,2018
199,825,101181,1610612765,Jose Calderon,2018
200,826,1629017,1610612765,Khyri Thomas,2018
201,827,2585,1610612765,Zaza Pachulia,2018
202,828,1626780,1610612738,Jonathan Gibson,2018
203,829,202711,1610612754,Bojan Bogdanovic,2018
204,830,201152,1610612754,Thaddeus Young,2018
205,831,1626167,1610612754,Myles Turner,2018
206,832,202083,1610612754,Wesley Matthews,2018
207,833,201954,1610612754,Darren Collison,2018
208,834,201936,1610612754,Tyreke Evans,2018
209,835,1627734,1610612754,Domantas Sabonis,2018
210,836,1628988,1610612754,Aaron Holiday,2018
211,837,202709,1610612754,Cory Joseph,2018
212,838,1628388,1610612754,TJ Leaf,2018
213,839,203926,1610612754,Doug McDermott,2018
214,840,203124,1610612754,Kyle O'Quinn,2018
215,841,1628410,1610612754,Edmond Sumner,2018
216,842,202334,1610612751,Ed Davis,2018
217,843,202720,1610612765,Jon Leuer,2018
218,844,1628977,1610612760,Hamidou Diallo,2018
219,845,1628993,1610612754,Alize Johnson,2018
220,846,1628432,1610612754,Davon Reed,2018
221,847,1627752,1610612737,Taurean Prince,2018
222,848,1628381,1610612737,John Collins,2018
223,849,203458,1610612737,Alex Len,2018
224,850,1628989,1610612737,Kevin Huerter,2018
225,851,1629027,1610612737,Trae Young,2018
226,852,1627761,1610612737,DeAndre' Bembry,2018
227,853,1713,1610612737,Vince Carter,2018
228,854,1629121,1610612737,Jaylen Adams,2018
229,855,203145,1610612737,Kent Bazemore,2018
230,856,1627738,1610612737,Deyonta Davis,2018
231,857,1626147,1610612737,Justin Anderson,2018
232,858,1629353,1610612737,Isaac Humphries,2018
233,859,1626159,1610612748,Justise Winslow,2018
234,860,203482,1610612748,Kelly Olynyk,2018
235,861,2617,1610612748,Udonis Haslem,2018
236,862,2548,1610612748,Dwyane Wade,2018
237,863,201609,1610612748,Goran Dragic,2018
238,864,1627884,1610612748,Derrick Jones Jr.,2018
239,865,1628389,1610612748,Bam Adebayo,2018
240,866,201949,1610612748,James Johnson,2018
241,867,1629130,1610612748,Duncan Robinson,2018
242,868,203079,1610612748,Dion Waiters,2018
243,869,1628999,1610612748,Yante Maten,2018
244,870,201583,1610612748,Ryan Anderson,2018
245,871,202355,1610612748,Hassan Whiteside,2018
246,872,1626210,1610612751,Alan Williams,2018
247,873,1628518,1610612753,Amile Jefferson,2018
248,874,1628505,1610612753,Troy Caupain,2018
249,875,201587,1610612766,Nicolas Batum,2018
250,876,1628970,1610612766,Miles Bridges,2018
251,877,202687,1610612766,Bismack Biyombo,2018
252,878,1628407,1610612766,Dwayne Bacon,2018
253,879,202689,1610612766,Kemba Walker,2018
254,880,203087,1610612766,Jeremy Lamb,2018
255,881,1626163,1610612766,Frank Kaminsky,2018
256,882,1628370,1610612766,Malik Monk,2018
257,883,1628984,1610612766,Devonte' Graham,2018
258,884,203077,1610612766,Michael Kidd-Gilchrist,2018
259,885,1626195,1610612766,Willy Hernangomez,2018
260,886,202714,1610612766,Shelvin Mack,2018
261,887,2225,1610612766,Tony Parker,2018
262,888,1628995,1610612752,Kevin Knox II,2018
263,889,1628436,1610612752,Luke Kornet,2018
264,890,1629011,1610612752,Mitchell Robinson,2018
265,891,1628422,1610612752,Damyean Dotson,2018
266,892,1626209,1610612752,Mario Hezonja,2018
267,893,1628443,1610612752,Kadeem Allen,2018
268,894,1627740,1610612752,Henry Ellenson,2018
269,895,203098,1610612752,John Jenkins,2018
270,896,1628439,1610612752,Isaiah Hicks,2018
271,897,1628656,1610612752,Billy Garrett,2018
272,898,201599,1610612752,DeAndre Jordan,2018
273,899,1628372,1610612752,Dennis Smith Jr.,2018
274,900,202498,1610612752,Lance Thomas,2018
275,901,1627782,1610612741,Wayne Selden,2018
276,902,1627789,1610612741,Timothe Luwawu-Cabarrot,2018
277,903,201577,1610612741,Robin Lopez,2018
278,904,1627885,1610612741,Shaquille Harrison,2018
279,905,1627853,1610612741,Ryan Arcidiacono,2018
280,906,1629102,1610612741,Brandon Sampson,2018
281,907,1626245,1610612741,Cristiano Felicio,2018
282,908,1627215,1610612741,Walt Lemon Jr.,2018
283,909,1628469,1610612741,Antonio Blakeney,2018
284,910,1628959,1610612741,Rawle Alkins,2018
285,911,1628990,1610612741,Chandler Hutchison,2018
286,912,1629003,1610612755,Shake Milton,2018
287,913,1629312,1610612755,Haywood Highsmith,2018
288,914,1627814,1610612744,Damion Lee,2018
289,915,1629094,1610612744,Marcus Derrickson,2018
290,916,203200,1610612763,Justin Holiday,2018
291,917,203998,1610612763,Bruno Caboclo,2018
292,918,1628397,1610612763,Ivan Rabb,2018
293,919,1628416,1610612763,Tyler Dorsey,2018
294,920,1626153,1610612763,Delon Wright,2018
295,921,203092,1610612763,Tyler Zeller,2018
296,922,1628975,1610612763,Jevon Carter,2018
297,923,1629139,1610612763,Yuta Watanabe,2018
298,924,1627395,1610612763,Julian Washburn,2018
299,925,201144,1610612763,Mike Conley,2018
300,926,201149,1610612763,Joakim Noah,2018
301,927,202718,1610612763,Chandler Parsons,2018
302,928,1628393,1610612760,Jawun Evans,2018
303,929,1629045,1610612749,Bonzie Colson,2018
304,930,1628382,1610612742,Justin Jackson,2018
305,931,1717,1610612742,Dirk Nowitzki,2018
306,932,203939,1610612742,Dwight Powell,2018
307,933,2734,1610612742,Devin Harris,2018
308,934,1628973,1610612742,Jalen Brunson,2018
309,935,1626257,1610612742,Salah Mejri,2018
310,936,1627827,1610612742,Dorian Finney-Smith,2018
311,937,1629151,1610612742,Ryan Broekhoff,2018
312,938,203504,1610612742,Trey Burke,2018
313,939,201584,1610612742,Courtney Lee,2018
314,940,1628961,1610612742,Kostas Antetokounmpo,2018
315,941,1629029,1610612742,Luka Doncic,2018
316,942,1629133,1610612742,Daryl Macon,2018
317,943,1629234,1610612759,Drew Eubanks,2018
318,944,203952,1610612750,Andrew Wiggins,2018
319,945,203967,1610612750,Dario Saric,2018
320,946,203476,1610612750,Gorgui Dieng,2018
321,947,1629006,1610612750,Josh Okogie,2018
322,948,1626145,1610612750,Tyus Jones,2018
323,949,201229,1610612750,Anthony Tolliver,2018
324,950,1628966,1610612750,Keita Bates-Diop,2018
325,951,1629244,1610612750,Cameron Reynolds,2018
326,952,1629123,1610612750,Jared Terrell,2018
327,953,203710,1610612750,C.J. Williams,2018
328,954,1628249,1610612750,Mitchell Creek,2018
329,955,201959,1610612750,Taj Gibson,2018
330,956,1628513,1610612762,Naz Mitrou-Long,2018
331,957,1628396,1610612762,Tony Bradley,2018
332,958,1628463,1610612762,Tyler Cavanaugh,2018
333,959,203084,1610612758,Harrison Barnes,2018
334,960,202357,1610612758,Nemanja Bjelica,2018
335,961,1626161,1610612758,Willie Cauley-Stein,2018
336,962,1627741,1610612758,Buddy Hield,2018
337,963,1628368,1610612758,De'Aaron Fox,2018
338,964,1628963,1610612758,Marvin Bagley III,2018
339,965,203992,1610612758,Bogdan Bogdanovic,2018
340,966,1627812,1610612758,Yogi Ferrell,2018
341,967,201147,1610612758,Corey Brewer,2018
342,968,1628403,1610612758,Caleb Swanigan,2018
343,969,1627786,1610612758,Troy Williams,2018
344,970,1628412,1610612758,Frank Mason,2018
345,971,1629168,1610612758,BJ Johnson,2018
346,972,1629018,1610612757,Gary Trent Jr.,2018
347,973,1628070,1610612761,Jordan Loyd,2018
348,974,201573,1610612750,Jerryd Bayless,2018
349,975,1626157,1610612750,Karl-Anthony Towns,2018
350,976,1629203,1610612747,Jemerrio Jones,2018
351,977,203488,1610612747,Mike Muscala,2018
352,978,201580,1610612747,JaVale McGee,2018
353,979,203484,1610612747,Kentavious Caldwell-Pope,2018
354,980,1627936,1610612747,Alex Caruso,2018
355,981,1629140,1610612747,Johnathan Williams,2018
356,982,1629067,1610612747,Isaac Bonga,2018
357,983,1629021,1610612747,Moritz Wagner,2018
358,984,203493,1610612747,Reggie Bullock,2018
359,985,2199,1610612747,Tyson Chandler,2018
360,986,1628398,1610612747,Kyle Kuzma,2018
361,987,200765,1610612747,Rajon Rondo,2018
362,988,1629026,1610612740,Kenrich Williams,2018
363,989,1626174,1610612740,Christian Wood,2018
364,990,1626143,1610612740,Jahlil Okafor,2018
365,991,203546,1610612740,Ian Clark,2018
366,992,203901,1610612740,Elfrid Payton,2018
367,993,1627767,1610612740,Cheick Diallo,2018
368,994,203524,1610612740,Solomon Hill,2018
369,995,1629541,1610612740,Dairis Bertans,2018
370,996,203076,1610612740,Anthony Davis,2018
371,997,1628402,1610612740,Frank Jackson,2018
372,998,1626169,1610612740,Stanley Johnson,2018
373,999,203121,1610612740,Darius Miller,2018
374,1000,203944,1610612740,Julius Randle,2018
375,1001,1628969,1610612756,Mikal Bridges,2018
376,1002,1627733,1610612756,Dragan Bender,2018
377,1003,1629034,1610612756,Ray Spalding,2018
378,1004,1628367,1610612756,Josh Jackson,2018
379,1005,1629059,1610612756,Elie Okobo,2018
380,1006,203584,1610612756,Troy Daniels,2018
381,1007,2037,1610612756,Jamal Crawford,2018
382,1008,1629001,1610612756,De'Anthony Melton,2018
383,1009,202690,1610612756,Jimmer Fredette,2018
384,1010,1626164,1610612756,Devin Booker,2018
385,1011,1626158,1610612756,Richaun Holmes,2018
386,1012,1628467,1610612742,Maxi Kleber,2018
387,1013,203960,1610612741,JaKarr Sampson,2018
388,1014,1628408,1610612738,PJ Dozier,2018
389,1015,1626154,1610612738,RJ Hunter,2018
390,1016,1628972,1610612764,Troy Brown Jr.,2018
391,1017,1626171,1610612764,Bobby Portis,2018
392,1018,1628418,1610612764,Thomas Bryant,2018
393,1019,203078,1610612764,Bradley Beal,2018
394,1020,203107,1610612764,Tomas Satoransky,2018
395,1021,101133,1610612764,Ian Mahinmi,2018
396,1022,1628421,1610612764,Devin Robinson,2018
397,1023,1626184,1610612764,Chasson Randle,2018
398,1024,1626155,1610612764,Sam Dekker,2018
399,1025,201145,1610612764,Jeff Green,2018
400,1026,2772,1610612764,Trevor Ariza,2018
401,1027,203895,1610612764,Jordan McRae,2018
402,1028,203953,1610612764,Jabari Parker,2018
403,1029,1629122,1610612766,J.P. Macura,2018
404,1030,101107,1610612766,Marvin Williams,2018
405,1031,1626224,1610612739,Cedi Osman,2018
406,1032,1626204,1610612739,Larry Nance Jr.,2018
407,1033,1627790,1610612739,Ante Zizic,2018
408,1034,202688,1610612739,Brandon Knight,2018
409,1035,1629012,1610612739,Collin Sexton,2018
410,1036,203903,1610612739,Jordan Clarkson,2018
411,1037,1627737,1610612739,Marquese Chriss,2018
412,1038,1628021,1610612739,David Nwaba,2018
413,1039,203917,1610612739,Nik Stauskas,2018
414,1040,101112,1610612739,Channing Frye,2018
415,1041,1629061,1610612739,Deng Adel,2018
416,1042,201567,1610612739,Kevin Love,2018
417,1043,202362,1610612747,Lance Stephenson,2018
418,1044,1628399,1610612743,Tyler Lydon,2018
419,1045,1629164,1610612743,Brandon Goodwin,2018
420,1046,1629118,1610612743,Thomas Welsh,2018
421,1047,1628405,1610612746,Johnathan Motley,2018
422,1048,1629116,1610612746,Angel Delgado,2018
423,1049,203585,1610612748,Rodney McGruder,2018
424,1050,202684,1610612739,Tristan Thompson,2018
425,1051,201585,1610612758,Kosta Koufos,2018
426,1052,202692,1610612758,Alec Burks,2018
427,1053,1626144,1610612752,Emmanuel Mudiay,2018
428,1054,202325,1610612764,Wesley Johnson,2018
429,1055,1628605,1610612763,Dusty Hannahs,2018
430,1056,203933,1610612756,T.J. Warren,2018
431,1057,1626196,1610612748,Josh Richardson,2018
432,1058,1627739,1610612741,Kris Dunn,2018
433,1059,1629004,1610612765,Svi Mykhailiuk,2018
434,1060,1628610,1610612758,Cody Demps,2018
435,1061,1629002,1610612759,Chimezie Metu,2018
436,1062,202685,1610612763,Jonas Valanciunas,2018
437,1063,1629028,1610612756,Deandre Ayton,2018
438,1064,202328,1610612738,Greg Monroe,2018
439,1065,203473,1610612737,Dewayne Dedmon,2018
440,1066,2544,1610612747,LeBron James,2018
441,1067,203159,1610612747,Scott Machado,2018
442,1068,1628976,1610612741,Wendell Carter Jr.,2018
443,1069,202340,1610612763,Avery Bradley,2018
444,1070,1628978,1610612749,Donte DiVincenzo,2018
445,1071,1628374,1610612741,Lauri Markkanen,2018
446,1072,203897,1610612741,Zach LaVine,2018
447,1073,203994,1610612757,Jusuf Nurkic,2018
448,1074,1628385,1610612758,Harry Giles III,2018
449,1075,1628373,1610612752,Frank Ntilikina,2018
450,1076,1628383,1610612755,Justin Patton,2018
451,1077,1629168,1610612737,BJ Johnson,2018
452,1078,203501,1610612742,Tim Hardaway Jr.,2018
453,1079,1628404,1610612747,Josh Hart,2018
454,1080,201281,1610612747,Andre Ingram,2018
455,1081,204020,1610612756,Tyler Johnson,2018
456,1082,201160,1610612740,Jason Smith,2018
457,1083,1629019,1610612752,Allonzo Trier,2018
458,1084,203521,1610612739,Matthew Dellavedova,2018
459,1085,2200,1610612749,Pau Gasol,2018
460,1086,1626174,1610612749,Christian Wood,2018
461,1087,203092,1610612737,Tyler Zeller,2018
462,1088,203490,1610612741,Otto Porter Jr.,2018
463,1089,201565,1610612750,Derrick Rose,2018
464,1090,101139,1610612763,CJ Miles,2018
465,1091,1626162,1610612756,Kelly Oubre Jr.,2018
466,1092,203943,1610612752,Noah Vonleh,2018
467,1093,203957,1610612762,Dante Exum,2018
468,1094,203459,1610612751,Allen Crabbe,2018
469,1095,1629053,1610612745,Vincent Edwards,2018
470,1096,203093,1610612745,Terrence Jones,2018
471,1097,203469,1610612766,Cody Zeller,2018
472,1098,1629055,1610612760,Donte Grantham,2018
473,1099,201952,1610612750,Jeff Teague,2018
474,1100,202734,1610612740,E'Twaun Moore,2018
475,1101,1628515,1610612753,Isaiah Briscoe,2018
476,1102,1627816,1610612737,Alex Poythress,2018
477,1103,201950,1610612740,Jrue Holiday,2018
478,1104,1627742,1610612747,Brandon Ingram,2018
479,1105,1628979,1610612749,Trevon Duval,2018
480,1106,203477,1610612749,Isaiah Canaan,2018
481,1107,1629016,1610612737,Omari Spellman,2018
482,1108,2200,1610612759,Pau Gasol,2018
483,1109,204025,1610612740,Tim Frazier,2018
484,1110,1628769,1610612751,Tahjere McCall,2018
485,1111,2736,1610612750,Luol Deng,2018
486,1112,1626296,1610612737,Jordan Sibert,2018
487,1113,1629150,1610612748,Emanuel Terry,2018
488,1114,203477,1610612750,Isaiah Canaan,2018
489,1115,203816,1610612760,Scotty Hopson,2018
490,1116,204076,1610612760,Richard Solomon,2018
491,1117,1628393,1610612756,Jawun Evans,2018
492,1118,1628991,1610612763,Jaren Jackson Jr.,2018
493,1119,202391,1610612737,Jeremy Lin,2018
494,1120,1628417,1610612739,Jaron Blossomgame,2018
495,1121,203098,1610612764,John Jenkins,2018
496,1122,202328,1610612761,Greg Monroe,2018
497,1123,203937,1610612763,Kyle Anderson,2018
498,1124,1628415,1610612763,Dillon Brooks,2018
499,1125,203516,1610612745,James Ennis III,2018
500,1126,1627737,1610612745,Marquese Chriss,2018
501,1127,202688,1610612745,Brandon Knight,2018
502,1128,1627746,1610612758,Skal Labissiere,2018
503,1129,1628382,1610612758,Justin Jackson,2018
504,1130,202697,1610612758,Iman Shumpert,2018
505,1131,203490,1610612764,Otto Porter Jr.,2018
506,1132,203084,1610612742,Harrison Barnes,2018
507,1133,1628249,1610612751,Mitchell Creek,2018
508,1134,202325,1610612740,Wesley Johnson,2018
509,1135,202703,1610612740,Nikola Mirotic,2018
510,1136,203953,1610612741,Jabari Parker,2018
511,1137,1626171,1610612741,Bobby Portis,2018
512,1138,202340,1610612746,Avery Bradley,2018
513,1139,202699,1610612746,Tobias Harris,2018
514,1140,101162,1610612746,Marcin Gortat,2018
515,1141,203118,1610612746,Mike Scott,2018
516,1142,1626246,1610612746,Boban Marjanovic,2018
517,1143,202692,1610612739,Alec Burks,2018
518,1144,1627735,1610612739,Wade Baldwin IV,2018
519,1145,1627826,1610612747,Ivica Zubac,2018
520,1146,201563,1610612747,Michael Beasley,2018
521,1147,1629004,1610612747,Svi Mykhailiuk,2018
522,1148,203493,1610612765,Reggie Bullock,2018
523,1149,1626169,1610612765,Stanley Johnson,2018
524,1150,202083,1610612752,Wesley Matthews,2018
525,1151,202683,1610612752,Enes Kanter,2018
526,1152,1626153,1610612761,Delon Wright,2018
527,1153,101139,1610612761,CJ Miles,2018
528,1154,203488,1610612755,Mike Muscala,2018
529,1155,1629013,1610612755,Landry Shamet,2018
530,1156,202714,1610612763,Shelvin Mack,2018
531,1157,201188,1610612763,Marc Gasol,2018
532,1158,203210,1610612763,JaMychal Green,2018
533,1159,203518,1610612760,Alex Abrines,2018
534,1160,204020,1610612748,Tyler Johnson,2018
535,1161,201961,1610612748,Wayne Ellington,2018
536,1162,1628403,1610612757,Caleb Swanigan,2018
537,1163,201583,1610612756,Ryan Anderson,2018
538,1164,1629150,1610612756,Emanuel Terry,2018
539,1165,1627748,1610612749,Thon Maker,2018
540,1166,1627772,1610612737,Daniel Hamilton,2018
541,1167,201147,1610612755,Corey Brewer,2018
542,1168,1628416,1610612737,Tyler Dorsey,2018
543,1169,203918,1610612739,Rodney Hood,2018
544,1170,1628424,1610612739,Kobi Simmons,2018
545,1171,1628964,1610612753,Mo Bamba,2018
546,1172,202066,1610612763,Garrett Temple,2018
547,1173,201163,1610612755,Wilson Chandler,2018
548,1174,201160,1610612749,Jason Smith,2018
549,1175,1629147,1610612766,Joe Chealey,2018
550,1176,202083,1610612742,Wesley Matthews,2018
551,1177,201599,1610612742,DeAndre Jordan,2018
552,1178,1628372,1610612742,Dennis Smith Jr.,2018
553,1179,203504,1610612752,Trey Burke,2018
554,1180,203501,1610612752,Tim Hardaway Jr.,2018
555,1181,201584,1610612752,Courtney Lee,2018
556,1182,1627780,1610612764,Gary Payton II,2018
557,1183,1627735,1610612757,Wade Baldwin IV,2018
558,1184,203917,1610612757,Nik Stauskas,2018
559,1185,203564,1610612765,Kalin Lucas,2018
560,1186,1627789,1610612760,Timothe Luwawu-Cabarrot,2018
561,1187,203613,1610612753,Jonathon Simmons,2018
562,1188,203463,1610612758,Ben McLemore,2018
563,1189,203112,1610612756,Quincy Acy,2018
564,1190,201956,1610612763,Omri Casspi,2018
565,1191,1626166,1610612739,Cameron Payne,2018
566,1192,203506,1610612754,Victor Oladipo,2018
567,1193,1627781,1610612761,Malachi Richardson,2018
568,1194,1628366,1610612747,Lonzo Ball,2018
569,1195,203263,1610612745,James Nunnally,2018
570,1196,1627740,1610612765,Henry Ellenson,2018
571,1197,202702,1610612751,Kenneth Faried,2018
572,1198,1627883,1610612739,Jalen Jones,2018
573,1199,200826,1610612742,J.J. Barea,2018
574,1200,203263,1610612750,James Nunnally,2018
575,1201,1627758,1610612764,Ron Baker,2018
576,1202,203485,1610612761,Lorenzo Brown,2018
577,1203,203487,1610612745,Michael Carter-Williams,2018
578,1204,1627775,1610612739,Patrick McCaw,2018
579,1205,1627743,1610612755,Demetrius Jackson,2018
580,1206,203101,1610612737,Miles Plumlee,2018
581,1207,203200,1610612741,Justin Holiday,2018
582,1208,1626166,1610612741,Cameron Payne,2018
583,1209,1627782,1610612763,Wayne Selden,2018
584,1210,202705,1610612763,MarShon Brooks,2018
585,1211,203961,1610612756,Eric Moreland,2018
586,1212,1628462,1610612746,Milos Teodosic,2018
587,1213,203496,1610612750,Robert Covington,2018
588,1214,1629129,1610612740,Trevon Bluiett,2018
589,1215,1626150,1610612740,Andrew Harrison,2018
590,1216,202693,1610612764,Markieff Morris,2018
591,1217,201156,1610612743,Nick Young,2018
592,1218,202322,1610612764,John Wall,2018
593,1219,1629037,1610612765,Keenan Evans,2018
594,1220,1628537,1610612749,Jaylen Morris,2018
595,1221,1627855,1610612764,Okaro White,2018
596,1222,1629152,1610612743,DeVaughn Akoon-Purcell,2018
597,1223,1626162,1610612764,Kelly Oubre Jr.,2018
598,1224,203085,1610612764,Austin Rivers,2018
599,1225,2772,1610612756,Trevor Ariza,2018
600,1226,202685,1610612761,Jonas Valanciunas,2018
601,1227,1627758,1610612752,Ron Baker,2018
602,1228,1629155,1610612765,Zach Lofton,2018
603,1229,1628994,1610612756,George King,2018
604,1230,203474,1610612763,DJ Stephens,2018
605,1231,203521,1610612749,Matthew Dellavedova,2018
606,1232,201588,1610612739,George Hill,2018
607,1233,201160,1610612764,Jason Smith,2018
608,1234,1626150,1610612739,Andrew Harrison,2018
609,1235,1628387,1610612754,Ike Anigbogu,2018
610,1236,1626155,1610612739,Sam Dekker,2018
611,1237,1629093,1610612760,Tyler Davis,2018
612,1238,203477,1610612756,Isaiah Canaan,2018
613,1239,2594,1610612739,Kyle Korver,2018
614,1240,202692,1610612762,Alec Burks,2018
615,1241,2730,1610612764,Dwight Howard,2018
616,1242,1628365,1610612755,Markelle Fultz,2018
617,1243,2747,1610612739,JR Smith,2018
618,1244,203089,1610612749,John Henson,2018
619,1245,2546,1610612745,Carmelo Anthony,2018
620,1246,202710,1610612750,Jimmy Butler,2018
621,1247,203496,1610612755,Robert Covington,2018
622,1248,203967,1610612755,Dario Saric,2018
623,1249,2199,1610612756,Tyson Chandler,2018
624,1250,1626150,1610612763,Andrew Harrison,2018
625,1251,1627753,1610612745,Zhou Qi,2018
626,1252,1629034,1610612742,Ray Spalding,2018
627,1253,201601,1610612746,Luc Mbah a Moute,2018
628,1254,1627755,1610612741,Tyler Ulis,2018
629,1255,204066,1610612739,John Holland,2018
630,1256,1628383,1610612750,Justin Patton,2018
631,1257,1629117,1610612758,Wenyen Gabriel,2018
632,1258,203564,1610612758,Kalin Lucas,2018
633,1259,2216,1610612758,Zach Randolph,2018
634,1260,1629244,1610612758,Cameron Reynolds,2018
635,1261,1628419,1610612757,Cameron Oliver,2018
636,1262,1627778,1610612757,Chinanu Onuaku,2018
637,1263,1627780,1610612757,Gary Payton II,2018
638,1264,203687,1610612765,Reggie Hearn,2018
639,1265,1629150,1610612739,Emanuel Terry,2018
640,1266,1629045,1610612739,Bonzie Colson,2018
641,1267,1629009,1610612739,Billy Preston,2018
642,1268,1627819,1610612739,Isaiah Taylor,2018
643,1269,204037,1610612747,Travis Wear,2018
644,1270,1629050,1610612747,Jeffrey Carroll,2018
645,1271,1629102,1610612745,Brandon Sampson,2018
646,1272,1629285,1610612745,Angel Rodriguez,2018
647,1273,1629260,1610612745,Tim Bond,2018
648,1274,203998,1610612745,Bruno Caboclo,2018
649,1275,1629156,1610612763,Markel Crawford,2018
650,1276,1629164,1610612763,Brandon Goodwin,2018
651,1277,1629078,1610612763,Doral Moore,2018
652,1278,203130,1610612750,Darius Johnson-Odom,2018
653,1279,1629236,1610612750,Jonathan Stark,2018
654,1280,203092,1610612749,Tyler Zeller,2018
655,1281,1629146,1610612766,Zach Smith,2018
656,1282,1629142,1610612742,Yanyuhang Ding,2018
657,1283,202918,1610612743,Xavier Silas,2018
658,1284,1628499,1610612741,Antonius Cleveland,2018
659,1285,1629232,1610612741,Kaiser Gates,2018
660,1286,1628476,1610612741,Derrick Walton Jr.,2018
661,1287,1627855,1610612759,Okaro White,2018
662,1288,203910,1610612759,Nick Johnson,2018
663,1289,1629132,1610612753,Braian Angola-Rodas,2018
664,1290,202389,1610612753,Timofey Mozgov,2018
665,1291,1626154,1610612737,RJ Hunter,2018
666,1292,203080,1610612737,Thomas Robinson,2018
667,1293,1629190,1610612737,C.J. Anderson,2018
668,1294,1627362,1610612748,Briante Weber,2018
669,1295,204192,1610612748,Raphiael Putney,2018
670,1296,1628681,1610612748,Rodney Purvis,2018
671,1297,203950,1610612748,Jarnell Stokes,2018
672,1298,1629352,1610612752,Jeffrey Coby,2018
673,1299,201149,1610612752,Joakim Noah,2018
674,1300,204001,1610612752,Kristaps Porzingis,2018
675,1301,1629131,1610612762,Jairus Lyles,2018
676,1302,1627766,1610612762,Isaiah Cousins,2018
677,1303,1629036,1610612762,Isaac Haas,2018
678,1304,1627770,1610612761,Kay Felder,2018
679,1305,1627858,1610612761,Kyle Collinsworth,2018
680,1306,1629061,1610612761,Deng Adel,2018
681,1307,101127,1610612740,Jarrett Jack,2018
682,1308,201582,1610612740,Alexis Ajinca,2018
683,1309,203629,1610612740,Garlon Green,2018
684,1310,1629000,1610612740,Brandon McCoy,2018
685,1311,202721,1610612740,Darius Morris,2018
686,1312,1627786,1610612740,Troy Williams,2018
687,1313,202732,1610612748,DeAndre Liggins,2018
688,1314,1628429,1610612748,Charles Cooke,2018
689,1315,1627755,1610612744,Tyler Ulis,2018
690,1316,203805,1610612744,Will Cherry,2018
691,1317,1627863,1610612744,Danuel House Jr.,2018
692,1318,1629134,1610612744,Kendrick Nunn,2018
693,1319,1629136,1610612754,Elijah Stewart,2018
694,1320,1628500,1610612754,Ben Moore,2018
695,1321,204179,1610612754,Omari Johnson,2018
696,1322,1627885,1610612756,Shaquille Harrison,2018
697,1323,1628432,1610612756,Davon Reed,2018
698,1324,203962,1610612759,Josh Huestis,2018
699,1325,1627749,1610612759,Dejounte Murray,2018
700,1326,1629162,1610612751,Jordan McLaughlin,2018
701,1327,1629245,1610612751,Nuni Omot,2018
702,1328,202730,1610612764,Lavoy Allen,2018
703,1329,1629185,1610612764,Chris Chiozza,2018
704,1330,1629186,1610612764,Tiwian Kendley,2018
705,1331,201975,1610612764,Jodie Meeks,2018
706,1332,1629148,1610612765,Johnny Hamilton,2018
707,1333,1629008,1610612743,Michael Porter Jr.,2018
708,1334,202388,1610612743,Donald Sloan,2018
709,1335,1628393,1610612746,Jawun Evans,2018
710,1336,202325,1610612746,Wesley Johnson,2018
711,1337,1629184,1610612746,Desi Rodriguez,2018
712,1338,203498,1610612749,Shabazz Muhammad,2018
713,1339,203583,1610612760,Abdul Gaddy,2018
714,1340,203909,1610612760,KJ McDaniels,2018
715,1341,1628576,1610612760,Bryce Alford,2018
716,1342,203460,1610612760,Andre Roberson,2018
717,1343,1627883,1610612742,Jalen Jones,2018
718,1344,1629149,1610612742,Codi Miller-McIntyre,2018
719,1345,2731,1610612755,Emeka Okafor,2018
720,1346,1626148,1610612755,Anthony Brown,2018
721,1347,201573,1610612755,Jerryd Bayless,2018
722,1348,203658,1610612755,Norvel Pelle,2018
723,1349,201600,1610612741,Omer Asik,2018
724,1350,1627756,1610612741,Denzel Valentine,2018
725,1351,1628965,1610612766,Jaylen Barford,2018
726,1352,1629145,1610612766,Isaiah Wilkins,2018
727,1353,203912,1610612754,C.J. Wilcox,2018
728,1354,1626260,1610612739,Levi Randolph,2018
729,1355,201589,1610612756,Darrell Arthur,2018
730,1356,1629154,1610612745,Rob Gray,2018
731,1357,1628417,1610612759,Jaron Blossomgame,2018
732,1358,1629226,1610612763,Ismaila Kane,2018
733,1359,1629137,1610612747,Joel Berry II,2018
734,1360,1627215,1610612738,Walt Lemon Jr.,2018
735,1361,1627875,1610612738,Marcus Georges-Hunt,2018
736,1362,1629166,1610612738,Jeff Roberson,2018
737,1363,1629165,1610612738,Nick King,2018
738,1364,1628444,1610612738,Jabari Bird,2018
739,1365,1626191,1610612765,Chris McCullough,2018
740,1366,1628503,1610612758,Jamel Artis,2018
741,1367,202332,1610612737,Cole Aldrich,2018
742,1368,1629005,1610612748,Malik Newman,2018
743,1369,1629246,1610612752,Tyrius Walker,2018
744,1370,1629159,1610612748,Marcus Lee,2018
745,1371,1629163,1610612762,Trey Lewis,2018
746,1372,1629150,1610612743,Emanuel Terry,2018
747,1373,1629167,1610612738,Justin Bibbs,2018
