player_id,team_id,player,year,draft_pick,height_no_shoes,height_with_shoes,wingspan,standing_reach,vertical_max,vertical_max_reach,vertical_no_step,vertical_no_step_reach,weight,body_fat,hand_length,hand_width,bench,agility,sprint,season
201933,1610612765,Blake Griffin,2009,1.0,80.5,82.0,83.25,105.0,35.5,140.5,32.0,137.0,248.0,8.2,,,22.0,10.95,3.28,2018
201949,1610612748,James Johnson,2009,16.0,79.0,79.75,84.75,105.5,35.0,140.5,30.5,136.0,257.0,12.0,,,18.0,11.21,3.23,2018
201950,1610612740,Jrue Holiday,2009,17.0,75.25,76.25,79.0,100.5,34.0,134.5,28.5,129.0,199.0,6.3,,,6.0,10.64,3.21,2018
201952,1610612750,Jeff Teague,2009,19.0,72.25,73.5,79.5,98.5,36.5,135.0,30.5,129.0,175.0,4.5,,,13.0,11.05,3.18,2018
201954,1610612754,Darren Collison,2009,21.0,72.25,73.5,75.0,96.5,33.5,130.0,30.5,127.0,166.0,5.7,,,9.0,10.45,3.1,2018
201956,1610612763,Omri Casspi,2009,23.0,79.75,81.25,81.25,106.5,32.5,139.0,25.5,132.0,211.0,8.6,,,2.0,11.15,3.28,2018
201959,1610612750,Taj Gibson,2009,26.0,80.5,81.75,88.0,109.0,30.0,139.0,25.5,134.5,214.0,6.6,,,12.0,11.56,3.41,2018
201960,1610612751,DeMarre Carroll,2009,27.0,78.25,79.75,82.0,105.0,,,,,207.0,6.3,,,,,,2018
201961,1610612765,Wayne Ellington,2009,28.0,76.25,77.25,78.5,100.0,38.0,138.0,31.5,131.5,202.0,5.5,,,13.0,11.14,3.2,2018
201961,1610612748,Wayne Ellington,2009,28.0,76.25,77.25,78.5,100.0,38.0,138.0,31.5,131.5,202.0,5.5,,,13.0,11.14,3.2,2018
201935,1610612745,James Harden,2009,3.0,76.0,77.25,82.75,103.5,37.0,140.5,31.5,135.0,222.0,10.1,,,17.0,11.1,3.13,2018
201967,1610612759,Dante Cunningham,2009,33.0,79.0,80.25,83.0,106.5,35.0,141.5,28.0,134.5,227.0,4.8,,,18.0,11.18,3.26,2018
201936,1610612754,Tyreke Evans,2009,4.0,76.0,77.25,83.25,104.0,34.0,138.0,28.5,132.5,221.0,7.1,,,7.0,11.81,3.17,2018
201975,1610612761,Jodie Meeks,2009,41.0,75.0,76.0,76.5,98.0,37.0,135.0,28.5,126.5,211.0,8.0,,,14.0,10.96,3.1,2018
201975,1610612764,Jodie Meeks,2009,41.0,75.0,76.0,76.5,98.0,37.0,135.0,28.5,126.5,211.0,8.0,,,14.0,10.96,3.1,2018
201980,1610612761,Danny Green,2009,46.0,77.25,78.5,82.0,103.0,33.0,136.0,29.0,132.0,208.0,5.6,,,15.0,11.3,3.3,2018
201939,1610612744,Stephen Curry,2009,7.0,74.0,75.25,75.5,97.0,35.5,132.5,29.5,126.5,181.0,5.7,,,10.0,11.07,3.28,2018
204060,1610612762,Joe Ingles,2009,,79.75,80.25,82.25,105.0,31.0,136.0,26.0,131.0,209.0,10.1,,,3.0,10.66,3.3,2018
202322,1610612764,John Wall,2010,1.0,74.75,76.0,81.25,101.5,39.0,140.5,30.0,131.5,196.0,5.6,8.25,9.5,,10.84,3.14,2018
202331,1610612760,Paul George,2010,10.0,79.75,80.75,83.25,107.0,,,,,214.0,5.0,8.5,9.0,4.0,,,2018
202332,1610612737,Cole Aldrich,2010,11.0,81.0,83.25,88.75,111.5,28.0,139.5,23.0,134.5,236.0,8.5,9.0,9.25,10.0,11.48,3.35,2018
202334,1610612751,Ed Davis,2010,13.0,81.0,81.75,84.0,108.0,36.0,144.0,31.0,139.0,227.0,10.0,9.25,10.0,,11.7,3.21,2018
202335,1610612760,Patrick Patterson,2010,14.0,80.0,81.25,85.25,107.0,33.5,140.5,28.5,135.5,240.0,5.3,9.25,10.25,17.0,11.14,3.25,2018
202339,1610612749,Eric Bledsoe,2010,18.0,72.25,73.5,79.5,98.0,,,,,192.0,5.6,8.5,9.75,9.0,,,2018
202340,1610612763,Avery Bradley,2010,19.0,74.0,75.25,79.25,98.5,37.5,136.0,31.5,130.0,180.0,4.0,8.25,9.5,2.0,11.47,3.14,2018
202340,1610612746,Avery Bradley,2010,19.0,74.0,75.25,79.25,98.5,37.5,136.0,31.5,130.0,180.0,4.0,8.25,9.5,2.0,11.47,3.14,2018
202323,1610612757,Evan Turner,2010,2.0,77.75,79.0,80.0,103.5,34.5,138.0,27.5,131.0,214.0,8.6,8.75,9.5,9.0,11.06,3.27,2018
202324,1610612762,Derrick Favors,2010,3.0,80.75,82.25,88.0,110.0,35.5,145.5,31.5,141.5,245.0,6.5,8.75,9.25,14.0,11.74,3.25,2018
202355,1610612748,Hassan Whiteside,2010,33.0,82.5,83.5,91.0,113.0,31.5,144.5,27.0,140.0,227.0,5.5,8.25,10.25,12.0,11.83,3.54,2018
202325,1610612764,Wesley Johnson,2010,4.0,78.25,79.25,85.0,106.0,37.0,143.0,32.0,138.0,206.0,4.6,9.0,9.5,16.0,11.43,3.14,2018
202325,1610612740,Wesley Johnson,2010,4.0,78.25,79.25,85.0,106.0,37.0,143.0,32.0,138.0,206.0,4.6,9.0,9.5,16.0,11.43,3.14,2018
202325,1610612746,Wesley Johnson,2010,4.0,78.25,79.25,85.0,106.0,37.0,143.0,32.0,138.0,206.0,4.6,9.0,9.5,16.0,11.43,3.14,2018
202362,1610612747,Lance Stephenson,2010,40.0,76.5,77.75,82.5,103.0,33.0,136.0,27.0,130.0,227.0,9.3,9.0,10.25,10.0,11.39,3.38,2018
202326,1610612744,DeMarcus Cousins,2010,5.0,81.5,82.75,89.75,113.0,27.5,140.5,23.5,136.5,292.0,16.4,9.25,10.0,,11.4,3.55,2018
202327,1610612762,Ekpe Udoh,2010,6.0,80.75,81.75,88.5,106.5,33.5,140.0,31.0,137.5,237.0,8.0,9.5,8.75,10.0,11.15,3.29,2018
202328,1610612755,Greg Monroe,2010,7.0,81.75,83.0,86.25,108.5,29.0,137.5,25.0,133.5,247.0,11.2,8.75,9.5,15.0,12.1,3.35,2018
202328,1610612738,Greg Monroe,2010,7.0,81.75,83.0,86.25,108.5,29.0,137.5,25.0,133.5,247.0,11.2,8.75,9.5,15.0,12.1,3.35,2018
202328,1610612761,Greg Monroe,2010,7.0,81.75,83.0,86.25,108.5,29.0,137.5,25.0,133.5,247.0,11.2,8.75,9.5,15.0,12.1,3.35,2018
202329,1610612757,Al-Farouq Aminu,2010,8.0,79.25,80.5,87.25,108.5,33.5,142.0,27.0,135.5,216.0,8.2,9.5,9.5,13.0,11.29,3.3,2018
202330,1610612738,Gordon Hayward,2010,9.0,78.75,80.0,79.75,103.0,34.5,137.5,30.5,133.5,211.0,6.9,8.5,9.25,10.0,11.73,3.22,2018
202690,1610612756,Jimmer Fredette,2011,10.0,72.75,74.5,76.5,96.5,33.0,129.5,28.0,124.5,196.0,7.7,8.0,8.5,14.0,10.42,3.21,2018
202691,1610612744,Klay Thompson,2011,11.0,77.75,79.25,81.0,103.5,31.5,135.0,26.5,130.0,206.0,8.0,8.75,9.25,5.0,10.99,3.24,2018
202692,1610612758,Alec Burks,2011,12.0,77.0,78.0,82.0,103.5,36.0,139.5,29.0,132.5,193.0,5.1,9.0,8.25,5.0,10.96,3.17,2018
202692,1610612739,Alec Burks,2011,12.0,77.0,78.0,82.0,103.5,36.0,139.5,29.0,132.5,193.0,5.1,9.0,8.25,5.0,10.96,3.17,2018
202692,1610612762,Alec Burks,2011,12.0,77.0,78.0,82.0,103.5,36.0,139.5,29.0,132.5,193.0,5.1,9.0,8.25,5.0,10.96,3.17,2018
202693,1610612760,Markieff Morris,2011,13.0,79.75,81.25,82.75,106.5,31.5,138.0,27.0,133.5,241.0,10.2,8.5,8.25,11.0,,3.4,2018
202693,1610612764,Markieff Morris,2011,13.0,79.75,81.25,82.75,106.5,31.5,138.0,27.0,133.5,241.0,10.2,8.5,8.25,11.0,,3.4,2018
202695,1610612761,Kawhi Leonard,2011,15.0,78.0,79.0,87.0,106.0,32.0,138.0,25.5,131.5,227.0,5.4,9.75,11.25,3.0,11.45,3.15,2018
202696,1610612753,Nikola Vucevic,2011,16.0,82.25,83.75,88.5,112.5,25.0,137.5,23.5,136.0,260.0,6.1,9.25,10.25,8.0,12.02,3.27,2018
202697,1610612745,Iman Shumpert,2011,17.0,76.25,77.5,81.5,99.5,42.0,141.5,36.5,136.0,222.0,6.5,9.0,9.0,18.0,11.1,3.18,2018
202697,1610612758,Iman Shumpert,2011,17.0,76.25,77.5,81.5,99.5,42.0,141.5,36.5,136.0,222.0,6.5,9.0,9.0,18.0,11.1,3.18,2018
202699,1610612755,Tobias Harris,2011,19.0,78.5,79.75,83.0,103.5,37.5,141.0,31.5,135.0,223.0,8.4,8.75,9.0,12.0,10.96,3.17,2018
202699,1610612746,Tobias Harris,2011,19.0,78.5,79.75,83.0,103.5,37.5,141.0,31.5,135.0,223.0,8.4,8.75,9.0,12.0,10.96,3.17,2018
202702,1610612745,Kenneth Faried,2011,22.0,78.0,79.5,84.0,108.0,35.0,143.0,30.5,138.5,225.0,6.3,8.5,10.25,16.0,11.35,3.26,2018
202702,1610612751,Kenneth Faried,2011,22.0,78.0,79.5,84.0,108.0,35.0,143.0,30.5,138.5,225.0,6.3,8.5,10.25,16.0,11.35,3.26,2018
202709,1610612754,Cory Joseph,2011,29.0,74.0,75.25,77.5,99.0,35.0,134.0,27.5,126.5,186.0,9.7,8.5,10.5,5.0,10.75,3.27,2018
202683,1610612757,Enes Kanter,2011,3.0,81.75,83.25,85.5,109.5,32.5,142.0,26.0,135.5,259.0,5.9,9.5,10.75,14.0,11.3,3.26,2018
202683,1610612752,Enes Kanter,2011,3.0,81.75,83.25,85.5,109.5,32.5,142.0,26.0,135.5,259.0,5.9,9.5,10.75,14.0,11.3,3.26,2018
202710,1610612755,Jimmy Butler,2011,30.0,78.0,79.75,79.5,101.5,39.0,140.5,32.0,133.5,222.0,5.4,9.0,9.0,14.0,11.92,3.15,2018
202710,1610612750,Jimmy Butler,2011,30.0,78.0,79.75,79.5,101.5,39.0,140.5,32.0,133.5,222.0,5.4,9.0,9.0,14.0,11.92,3.15,2018
202714,1610612766,Shelvin Mack,2011,34.0,73.0,74.5,79.5,96.5,39.0,135.5,32.0,128.5,209.0,7.1,8.25,9.25,17.0,11.23,3.18,2018
202714,1610612763,Shelvin Mack,2011,34.0,73.0,74.5,79.5,96.5,39.0,135.5,32.0,128.5,209.0,7.1,8.25,9.25,17.0,11.23,3.18,2018
202718,1610612763,Chandler Parsons,2011,38.0,80.75,81.75,81.5,104.5,31.5,136.0,25.5,130.0,221.0,7.0,8.25,10.0,4.0,11.05,3.29,2018
202684,1610612739,Tristan Thompson,2011,4.0,79.5,80.75,85.25,108.5,35.0,143.5,30.0,138.5,227.0,6.2,8.75,9.25,9.0,10.92,3.26,2018
202720,1610612765,Jon Leuer,2011,40.0,82.0,83.5,84.0,105.5,36.5,142.0,29.5,135.0,223.0,5.4,8.75,9.75,17.0,10.82,3.36,2018
202721,1610612740,Darius Morris,2011,41.0,75.25,77.25,79.5,102.0,32.0,134.0,24.5,126.5,190.0,5.3,8.75,10.0,12.0,11.0,3.2,2018
202732,1610612748,DeAndre Liggins,2011,53.0,77.0,78.25,83.0,103.5,31.0,134.5,27.0,130.5,202.0,5.0,8.75,10.0,6.0,,3.33,2018
202734,1610612740,E'Twaun Moore,2011,55.0,74.5,76.0,81.5,99.5,34.5,134.0,32.0,131.5,191.0,7.6,9.0,10.0,,11.12,3.31,2018
202738,1610612743,Isaiah Thomas,2011,60.0,68.75,70.25,73.75,91.5,40.0,131.5,31.5,123.0,186.0,6.7,8.25,9.0,13.0,10.49,3.14,2018
202688,1610612739,Brandon Knight,2011,8.0,73.5,75.25,78.75,98.5,37.5,136.0,29.0,127.5,177.0,4.2,8.25,9.5,10.0,10.74,3.07,2018
202688,1610612745,Brandon Knight,2011,8.0,73.5,75.25,78.75,98.5,37.5,136.0,29.0,127.5,177.0,4.2,8.25,9.5,10.0,10.74,3.07,2018
202689,1610612766,Kemba Walker,2011,9.0,71.5,73.0,75.5,91.5,39.5,131.0,32.0,123.5,184.0,5.9,8.0,9.0,7.0,10.87,3.16,2018
203816,1610612760,Scotty Hopson,2011,,77.75,78.5,82.5,103.5,36.0,139.5,32.5,136.0,205.0,4.8,8.5,10.0,10.0,10.47,3.18,2018
203076,1610612740,Anthony Davis,2012,1.0,81.25,82.5,89.5,108.0,,,,,222.0,7.9,9.0,8.5,,,,2018
203085,1610612745,Austin Rivers,2012,10.0,75.5,77.0,79.25,96.5,37.5,134.0,32.5,129.0,203.0,6.2,8.5,10.0,1.0,11.54,3.32,2018
203085,1610612764,Austin Rivers,2012,10.0,75.5,77.0,79.25,96.5,37.5,134.0,32.5,129.0,203.0,6.2,8.5,10.0,1.0,11.54,3.32,2018
203086,1610612757,Meyers Leonard,2012,11.0,83.75,85.25,87.0,108.0,32.5,140.5,30.0,138.0,250.0,5.7,9.25,11.0,19.0,11.34,3.41,2018
203087,1610612766,Jeremy Lamb,2012,12.0,76.0,77.25,83.0,102.0,38.0,140.0,31.5,133.5,179.0,4.5,8.75,9.25,5.0,10.98,3.25,2018
203089,1610612749,John Henson,2012,14.0,81.0,82.5,89.0,112.0,30.0,142.0,25.5,137.5,216.0,8.6,9.25,10.0,5.0,,,2018
203092,1610612763,Tyler Zeller,2012,17.0,83.25,84.5,84.0,104.5,34.0,138.5,30.0,134.5,247.0,6.4,9.0,9.75,16.0,11.13,3.4,2018
203092,1610612737,Tyler Zeller,2012,17.0,83.25,84.5,84.0,104.5,34.0,138.5,30.0,134.5,247.0,6.4,9.0,9.75,16.0,11.13,3.4,2018
203092,1610612749,Tyler Zeller,2012,17.0,83.25,84.5,84.0,104.5,34.0,138.5,30.0,134.5,247.0,6.4,9.0,9.75,16.0,11.13,3.4,2018
203093,1610612745,Terrence Jones,2012,18.0,80.25,81.5,86.25,107.0,34.5,141.5,29.5,136.5,252.0,7.7,9.0,10.0,12.0,11.57,3.4,2018
203077,1610612766,Michael Kidd-Gilchrist,2012,2.0,77.75,79.5,84.0,104.5,35.5,140.0,32.0,136.5,233.0,7.0,9.0,10.25,6.0,11.77,3.18,2018
203098,1610612752,John Jenkins,2012,23.0,75.25,76.25,80.5,98.0,36.5,134.5,30.5,128.5,212.0,7.1,9.0,9.0,10.0,11.36,3.37,2018
203098,1610612764,John Jenkins,2012,23.0,75.25,76.25,80.5,98.0,36.5,134.5,30.5,128.5,212.0,7.1,9.0,9.0,10.0,11.36,3.37,2018
203101,1610612737,Miles Plumlee,2012,26.0,82.5,83.75,84.75,105.5,40.5,146.0,34.0,139.5,252.0,11.4,9.25,9.0,15.0,10.64,3.36,2018
203078,1610612764,Bradley Beal,2012,3.0,75.25,76.75,80.0,100.0,39.0,139.0,33.0,133.0,202.0,6.0,8.5,9.0,8.0,10.95,3.28,2018
203107,1610612764,Tomas Satoransky,2012,32.0,78.5,79.5,79.25,100.0,,,,,201.0,5.2,8.5,9.5,,,,2018
203109,1610612762,Jae Crowder,2012,34.0,76.75,78.5,81.25,99.5,34.5,134.0,31.0,130.5,241.0,9.0,9.5,10.5,20.0,11.45,3.37,2018
203110,1610612744,Draymond Green,2012,35.0,77.75,79.5,85.25,105.0,33.0,138.0,28.0,133.0,236.0,11.3,9.0,9.5,9.0,11.01,3.4,2018
203112,1610612756,Quincy Acy,2012,37.0,78.5,79.75,86.75,106.5,37.0,143.5,32.0,138.5,224.0,7.1,9.5,11.0,13.0,10.48,3.28,2018
203114,1610612749,Khris Middleton,2012,39.0,78.75,80.25,82.75,103.0,31.0,134.0,28.0,131.0,216.0,7.8,9.0,9.0,4.0,11.45,3.47,2018
203079,1610612748,Dion Waiters,2012,4.0,74.5,76.0,79.25,98.0,,,,,221.0,8.5,8.5,9.5,,,,2018
203115,1610612743,Will Barton,2012,40.0,77.0,78.0,81.75,102.5,34.0,136.5,30.0,132.5,174.0,4.1,9.0,9.5,,12.5,3.6,2018
203118,1610612755,Mike Scott,2012,43.0,79.25,80.75,82.75,104.0,32.5,136.5,27.0,131.0,241.0,10.6,8.5,9.0,14.0,11.59,3.44,2018
203118,1610612746,Mike Scott,2012,43.0,79.25,80.75,82.75,104.0,32.5,136.5,27.0,131.0,241.0,10.6,8.5,9.0,14.0,11.59,3.44,2018
203121,1610612740,Darius Miller,2012,46.0,78.0,79.5,81.0,101.0,37.0,138.0,33.0,134.0,233.0,7.5,8.5,8.75,14.0,11.34,3.31,2018
203124,1610612754,Kyle O'Quinn,2012,49.0,80.5,82.0,88.75,106.5,31.5,138.0,31.5,138.0,241.0,8.0,9.5,10.0,,11.65,3.53,2018
203080,1610612737,Thomas Robinson,2012,5.0,79.75,80.75,87.25,106.0,35.5,141.5,28.5,134.5,244.0,5.0,9.75,10.5,15.0,11.96,3.17,2018
203130,1610612750,Darius Johnson-Odom,2012,55.0,73.5,75.0,79.0,96.0,41.5,137.5,33.5,129.5,212.0,7.0,8.75,8.75,17.0,10.76,3.21,2018
203081,1610612757,Damian Lillard,2012,6.0,73.75,74.75,79.75,95.5,39.5,135.0,34.5,130.0,189.0,5.9,8.75,9.75,13.0,11.15,3.34,2018
203084,1610612758,Harrison Barnes,2012,7.0,79.0,80.0,83.25,101.5,39.5,141.0,38.0,139.5,228.0,9.6,9.0,8.5,15.0,10.93,3.16,2018
203084,1610612742,Harrison Barnes,2012,7.0,79.0,80.0,83.25,101.5,39.5,141.0,38.0,139.5,228.0,9.6,9.0,8.5,15.0,10.93,3.16,2018
203082,1610612753,Terrence Ross,2012,8.0,78.0,79.0,79.25,100.5,37.5,138.0,31.0,131.5,197.0,3.2,8.75,10.25,2.0,11.78,3.28,2018
203083,1610612765,Andre Drummond,2012,9.0,81.75,83.75,90.25,109.5,33.5,143.0,31.5,141.0,279.0,7.5,9.5,9.5,10.0,10.83,3.39,2018
203210,1610612746,JaMychal Green,2012,,80.0,81.0,86.25,106.5,32.5,139.0,29.5,136.0,217.0,9.8,9.25,9.25,19.0,10.63,3.38,2018
203210,1610612763,JaMychal Green,2012,,80.0,81.0,86.25,106.5,32.5,139.0,29.5,136.0,217.0,9.8,9.25,9.25,19.0,10.63,3.38,2018
203159,1610612747,Scott Machado,2012,,73.0,74.0,76.0,94.5,32.5,127.0,27.0,121.5,206.0,5.8,8.5,9.5,17.0,11.26,3.3,2018
203487,1610612753,Michael Carter-Williams,2013,11.0,76.75,77.75,79.25,101.0,41.0,142.0,31.5,132.5,184.0,4.4,7.5,8.5,8.0,10.68,3.22,2018
203487,1610612745,Michael Carter-Williams,2013,11.0,76.75,77.75,79.25,101.0,41.0,142.0,31.5,132.5,184.0,4.4,7.5,8.5,8.0,10.68,3.22,2018
203500,1610612760,Steven Adams,2013,12.0,82.75,84.0,88.5,109.5,33.0,142.5,28.5,138.0,255.0,6.7,9.5,11.0,16.0,11.85,3.4,2018
203482,1610612748,Kelly Olynyk,2013,13.0,82.75,84.0,81.75,108.0,29.5,137.5,24.5,132.5,234.0,6.7,8.5,10.0,5.0,11.42,3.59,2018
203498,1610612749,Shabazz Muhammad,2013,14.0,76.75,78.25,83.0,104.5,37.0,141.5,29.5,134.0,222.0,9.0,9.0,10.0,10.0,10.99,3.32,2018
203506,1610612754,Victor Oladipo,2013,2.0,75.25,76.25,81.25,100.5,42.0,142.5,33.0,133.5,213.0,6.6,8.75,9.25,15.0,10.69,3.25,2018
203503,1610612749,Tony Snell,2013,20.0,78.0,79.25,83.5,105.5,36.5,142.0,30.0,135.5,198.0,4.9,9.0,9.5,7.0,10.36,3.25,2018
203476,1610612750,Gorgui Dieng,2013,21.0,81.75,82.75,87.5,111.5,,,,,230.0,5.4,9.0,10.0,,,,2018
203486,1610612743,Mason Plumlee,2013,22.0,83.25,84.5,83.0,108.0,36.0,144.0,30.5,138.5,238.0,6.2,9.75,9.5,14.0,10.89,3.29,2018
203524,1610612740,Solomon Hill,2013,23.0,77.5,79.0,81.0,103.0,37.5,140.5,29.5,132.5,226.0,7.6,9.0,10.5,14.0,10.77,3.19,2018
203493,1610612747,Reggie Bullock,2013,25.0,77.75,79.0,80.75,102.0,36.5,138.5,31.0,133.0,200.0,7.0,8.5,9.0,11.0,11.33,3.31,2018
203493,1610612765,Reggie Bullock,2013,25.0,77.75,79.0,80.75,102.0,36.5,138.5,31.0,133.0,200.0,7.0,8.5,9.0,11.0,11.33,3.31,2018
203460,1610612760,Andre Roberson,2013,26.0,78.25,79.0,83.0,104.5,36.5,141.0,30.0,134.5,206.0,7.1,8.75,9.5,10.0,11.36,3.34,2018
203497,1610612762,Rudy Gobert,2013,27.0,84.5,86.0,92.5,115.0,29.0,144.0,25.0,140.0,238.0,4.4,9.75,10.0,7.0,12.85,3.57,2018
203459,1610612751,Allen Crabbe,2013,31.0,77.25,78.25,83.25,103.5,36.0,139.5,30.5,134.0,197.0,4.7,8.25,8.5,10.0,10.67,3.32,2018
203477,1610612749,Isaiah Canaan,2013,34.0,71.0,72.0,76.5,94.5,40.5,135.0,33.0,127.5,188.0,5.9,8.25,9.5,16.0,10.98,3.22,2018
203477,1610612750,Isaiah Canaan,2013,34.0,71.0,72.0,76.5,94.5,40.5,135.0,33.0,127.5,188.0,5.9,8.25,9.5,16.0,10.98,3.22,2018
203477,1610612756,Isaiah Canaan,2013,34.0,71.0,72.0,76.5,94.5,40.5,135.0,33.0,127.5,188.0,5.9,8.25,9.5,16.0,10.98,3.22,2018
203469,1610612766,Cody Zeller,2013,4.0,82.75,84.25,82.75,106.0,37.5,143.5,35.5,141.5,230.0,4.8,8.5,10.5,17.0,10.82,3.15,2018
203488,1610612747,Mike Muscala,2013,44.0,82.25,83.5,85.0,108.0,33.5,141.5,28.0,136.0,230.0,6.8,8.5,9.0,5.0,11.76,3.44,2018
203488,1610612755,Mike Muscala,2013,44.0,82.25,83.5,85.0,108.0,33.5,141.5,28.0,136.0,230.0,6.8,8.5,9.0,5.0,11.76,3.44,2018
203485,1610612761,Lorenzo Brown,2013,52.0,76.0,77.25,79.0,100.0,34.0,134.0,28.0,128.0,189.0,4.0,8.25,8.5,8.0,11.78,3.4,2018
203457,1610612760,Nerlens Noel,2013,6.0,82.0,83.75,87.75,110.0,,,,,206.0,4.2,9.5,10.0,,,,2018
203463,1610612758,Ben McLemore,2013,7.0,75.5,76.75,79.75,100.5,42.0,142.5,32.5,133.0,189.0,5.0,8.75,9.5,6.0,11.87,3.27,2018
203484,1610612747,Kentavious Caldwell-Pope,2013,8.0,76.5,77.5,80.0,100.5,34.5,135.0,29.0,129.5,204.0,6.5,8.5,9.0,7.0,10.6,3.12,2018
203504,1610612742,Trey Burke,2013,9.0,71.75,73.25,77.5,97.5,36.5,134.0,29.5,127.0,187.0,6.9,8.25,8.75,3.0,11.2,3.16,2018
203504,1610612752,Trey Burke,2013,9.0,71.75,73.25,77.5,97.5,36.5,134.0,29.5,127.0,187.0,6.9,8.25,8.75,3.0,11.2,3.16,2018
203658,1610612755,Norvel Pelle,2013,,81.5,82.5,86.5,109.0,34.5,143.5,31.0,140.0,207.0,5.2,8.75,9.5,,11.49,3.32,2018
203496,1610612750,Robert Covington,2013,,78.25,79.5,85.75,106.0,36.0,142.0,29.5,135.5,209.0,4.7,9.0,8.5,9.0,11.69,3.34,2018
203496,1610612755,Robert Covington,2013,,78.25,79.5,85.75,106.0,36.0,142.0,29.5,135.5,209.0,4.7,9.0,8.5,9.0,11.69,3.34,2018
203552,1610612757,Seth Curry,2013,,73.0,75.0,76.0,97.5,,,,,179.0,9.6,8.0,8.25,,,,2018
203901,1610612740,Elfrid Payton,2014,10.0,74.5,75.75,80.0,98.5,35.5,134.0,31.5,130.0,185.0,5.7,8.75,9.0,,11.06,3.23,2018
203926,1610612754,Doug McDermott,2014,11.0,78.25,79.75,81.25,103.0,36.5,139.5,28.5,131.5,218.0,7.1,8.75,9.75,,11.1,3.29,2018
203897,1610612741,Zach LaVine,2014,13.0,76.5,77.75,80.25,100.0,41.5,141.5,33.5,133.5,181.0,4.7,8.25,8.75,,10.42,3.19,2018
203933,1610612756,T J  Warren,2014,14.0,79.0,80.25,82.25,104.0,35.5,139.5,27.0,131.0,220.0,8.0,8.75,9.0,,11.1,3.26,2018
203914,1610612743,Gary Harris,2014,19.0,74.5,76.5,78.75,96.0,,,,,205.0,4.6,8.5,9.5,,,,2018
203918,1610612757,Rodney Hood,2014,23.0,79.25,80.5,80.5,103.0,36.0,139.0,29.0,132.0,208.0,7.5,8.5,8.5,,11.21,3.38,2018
203918,1610612739,Rodney Hood,2014,23.0,79.25,80.5,80.5,103.0,36.0,139.0,29.0,132.0,208.0,7.5,8.5,8.5,,11.21,3.38,2018
203894,1610612751,Shabazz Napier,2014,24.0,71.0,73.0,75.25,93.0,37.5,130.5,30.5,123.5,175.0,7.4,8.25,8.5,,11.6,3.2,2018
203912,1610612754,C J  Wilcox,2014,28.0,75.5,77.0,81.75,100.5,37.5,138.0,31.0,131.5,201.0,6.5,8.75,9.0,,11.3,3.22,2018
203937,1610612763,Kyle Anderson,2014,30.0,79.5,80.5,86.75,107.5,,,,,230.0,13.4,8.25,8.75,,,,2018
203925,1610612751,Joe Harris,2014,33.0,76.75,78.25,78.0,100.0,33.5,133.5,28.5,128.5,215.0,6.2,8.5,9.75,,11.11,3.31,2018
203950,1610612748,Jarnell Stokes,2014,35.0,79.0,80.5,85.25,103.5,36.0,139.5,31.0,134.5,263.0,8.2,9.75,10.5,,11.92,3.26,2018
203915,1610612751,Spencer Dinwiddie,2014,38.0,76.5,78.0,80.25,103.0,,,,,205.0,5.4,8.25,9.0,,,,2018
203924,1610612760,Jerami Grant,2014,39.0,78.5,79.75,86.75,107.0,,,,,214.0,3.8,9.25,9.25,,,,2018
203932,1610612753,Aaron Gordon,2014,4.0,79.5,80.75,83.75,105.0,39.0,144.0,32.5,137.5,220.0,5.1,8.75,10.5,,10.81,3.27,2018
203910,1610612759,Nick Johnson,2014,42.0,73.5,75.0,79.25,96.5,41.5,138.0,33.5,130.0,198.0,6.1,8.75,9.75,,10.8,3.27,2018
203939,1610612742,Dwight Powell,2014,45.0,81.5,83.0,84.5,105.0,35.0,140.0,28.5,133.5,234.0,6.2,9.0,9.25,,11.28,3.2,2018
203903,1610612739,Jordan Clarkson,2014,46.0,75.25,77.0,80.0,98.0,38.5,136.5,33.0,131.0,186.0,4.3,8.25,9.0,,10.76,3.28,2018
203957,1610612762,Dante Exum,2014,5.0,76.5,78.0,81.5,103.0,34.5,137.5,31.5,134.5,196.0,6.4,8.5,9.5,,10.75,3.19,2018
203895,1610612764,Jordan McRae,2014,58.0,75.75,77.25,84.5,104.0,34.5,138.5,27.5,131.5,179.0,5.2,8.75,8.5,,11.07,3.39,2018
203935,1610612738,Marcus Smart,2014,6.0,74.0,75.25,81.25,99.0,36.0,135.0,33.0,132.0,227.0,10.6,9.0,8.75,,10.82,3.26,2018
203944,1610612740,Julius Randle,2014,7.0,79.75,81.0,84.0,105.5,35.5,141.0,29.0,134.5,250.0,9.4,8.75,8.25,,11.45,3.27,2018
203917,1610612739,Nik Stauskas,2014,8.0,77.25,78.5,79.75,102.0,35.5,137.5,29.0,131.0,207.0,12.1,8.5,8.5,,10.79,3.27,2018
203917,1610612757,Nik Stauskas,2014,8.0,77.25,78.5,79.75,102.0,35.5,137.5,29.0,131.0,207.0,12.1,8.5,8.5,,10.79,3.27,2018
203943,1610612752,Noah Vonleh,2014,9.0,80.0,81.5,88.25,108.0,37.0,145.0,31.0,139.0,247.0,7.3,9.75,11.75,,11.45,3.28,2018
1629126,1610612760,Deonte Burton,2014,,72.0,73.25,79.0,97.5,39.5,137.0,29.0,126.5,193.0,7.7,8.25,8.0,,11.28,3.28,2018
203920,1610612753,Khem Birch,2014,,79.5,81.25,85.0,107.0,35.5,142.5,30.5,137.5,209.0,6.0,9.0,8.5,,11.6,3.26,2018
1626159,1610612748,Justise Winslow,2015,10.0,76.5,78.5,82.25,104.5,,,,,222.0,5.3,8.5,9.25,,,,2018
1626167,1610612754,Myles Turner,2015,11.0,81.75,83.5,88.0,112.0,,,,,239.0,9.3,9.25,9.25,,,,2018
1626168,1610612743,Trey Lyles,2015,12.0,81.0,82.25,85.5,108.0,,,,,241.0,12.1,9.25,10.25,,,,2018
1626164,1610612756,Devin Booker,2015,13.0,76.5,77.75,80.25,102.5,34.5,137.0,27.5,130.0,206.0,8.3,8.75,9.0,8.0,10.22,3.28,2018
1626166,1610612739,Cameron Payne,2015,14.0,72.75,73.5,79.25,97.5,35.5,133.0,30.0,127.5,183.0,6.3,8.5,8.25,,10.89,3.28,2018
1626166,1610612741,Cameron Payne,2015,14.0,72.75,73.5,79.25,97.5,35.5,133.0,30.0,127.5,183.0,6.3,8.5,8.25,,10.89,3.28,2018
1626179,1610612738,Terry Rozier,2015,16.0,72.75,74.25,80.25,98.5,38.0,136.5,33.0,131.5,190.0,5.6,8.25,8.75,7.0,10.88,3.15,2018
1626155,1610612764,Sam Dekker,2015,18.0,79.75,81.0,83.5,106.0,34.5,140.5,25.5,131.5,219.0,7.5,8.5,9.25,5.0,10.71,3.28,2018
1626155,1610612739,Sam Dekker,2015,18.0,79.75,81.0,83.5,106.0,34.5,140.5,25.5,131.5,219.0,7.5,8.5,9.25,5.0,10.71,3.28,2018
1626170,1610612753,Jerian Grant,2015,19.0,75.25,76.25,79.5,100.0,,,,,198.0,5.6,8.25,8.5,,,,2018
1626156,1610612751,D'Angelo Russell,2015,2.0,75.25,77.0,81.75,102.0,,,,,193.0,8.3,8.75,9.75,,,,2018
1626153,1610612763,Delon Wright,2015,20.0,76.25,77.5,79.5,101.5,31.0,132.5,29.5,131.0,181.0,6.6,8.0,8.5,4.0,11.21,3.29,2018
1626153,1610612761,Delon Wright,2015,20.0,76.25,77.5,79.5,101.5,31.0,132.5,29.5,131.0,181.0,6.6,8.0,8.5,4.0,11.21,3.29,2018
1626147,1610612737,Justin Anderson,2015,21.0,77.25,78.25,83.75,101.0,43.0,144.0,38.0,139.0,231.0,5.0,8.5,9.5,12.0,11.1,3.22,2018
1626171,1610612764,Bobby Portis,2015,22.0,81.5,82.5,86.0,108.5,31.5,140.0,25.0,133.5,246.0,8.9,9.5,9.25,5.0,11.71,3.56,2018
1626171,1610612741,Bobby Portis,2015,22.0,81.5,82.5,86.0,108.5,31.5,140.0,25.0,133.5,246.0,8.9,9.5,9.25,5.0,11.71,3.56,2018
1626178,1610612751,Rondae Hollis-Jefferson,2015,23.0,77.5,79.0,86.0,104.0,38.0,142.0,32.0,136.0,211.0,5.0,8.75,9.75,13.0,10.51,3.12,2018
1626145,1610612750,Tyus Jones,2015,24.0,72.25,74.0,77.0,97.0,32.5,129.5,26.5,123.5,185.0,6.5,8.25,8.75,2.0,11.89,3.32,2018
1626185,1610612753,Jarell Martin,2015,25.0,80.0,81.25,81.75,106.5,34.5,141.0,28.5,135.0,239.0,10.1,8.25,,19.0,11.12,3.27,2018
1626191,1610612765,Chris McCullough,2015,29.0,80.25,81.0,87.25,109.0,,,,,199.0,6.2,8.75,8.75,,,,2018
1626172,1610612744,Kevon Looney,2015,30.0,80.0,81.25,87.5,110.0,,,,,222.0,11.9,9.5,9.25,,,,2018
1626149,1610612746,Montrezl Harrell,2015,32.0,79.0,79.5,88.25,109.0,,,,,253.0,11.9,9.0,9.75,,,,2018
1626148,1610612755,Anthony Brown,2015,34.0,77.25,80.5,83.25,104.5,34.5,139.0,27.5,132.0,211.0,6.1,8.5,9.0,4.0,11.06,3.18,2018
1626158,1610612756,Richaun Holmes,2015,37.0,80.25,81.5,85.5,108.0,36.0,144.0,32.5,140.5,243.0,8.8,8.5,8.5,15.0,11.37,3.32,2018
1626192,1610612749,Pat Connaughton,2015,41.0,76.0,77.25,80.75,96.0,44.0,140.0,37.5,133.5,215.0,10.2,8.5,9.25,13.0,10.74,3.2,2018
1626150,1610612740,Andrew Harrison,2015,44.0,76.5,77.5,81.0,100.0,33.0,133.0,26.5,126.5,213.0,5.9,8.25,9.25,,11.16,3.34,2018
1626150,1610612739,Andrew Harrison,2015,44.0,76.5,77.5,81.0,100.0,33.0,133.0,26.5,126.5,213.0,5.9,8.25,9.25,,11.16,3.34,2018
1626150,1610612763,Andrew Harrison,2015,44.0,76.5,77.5,81.0,100.0,33.0,133.0,26.5,126.5,213.0,5.9,8.25,9.25,,11.16,3.34,2018
1626181,1610612761,Norman Powell,2015,46.0,75.0,76.25,82.75,102.5,40.5,143.0,32.5,135.0,215.0,6.4,9.25,9.0,5.0,10.76,3.2,2018
1626161,1610612758,Willie Cauley-Stein,2015,6.0,83.25,84.5,87.0,111.0,,,,,242.0,6.3,9.5,9.0,,,,2018
1626169,1610612740,Stanley Johnson,2015,8.0,77.0,78.5,83.5,102.0,,,,,242.0,7.5,9.0,9.0,,,,2018
1626169,1610612765,Stanley Johnson,2015,8.0,77.0,78.5,83.5,102.0,,,,,242.0,7.5,9.0,9.0,,,,2018
1626163,1610612766,Frank Kaminsky,2015,9.0,83.75,84.75,83.0,109.5,,,,,231.0,9.4,8.5,9.5,,,,2018
1626210,1610612751,Alan Williams,2015,,79.25,80.25,85.75,106.5,28.5,135.0,25.5,132.0,261.0,12.0,8.5,9.5,8.0,12.07,3.5,2018
1626184,1610612764,Chasson Randle,2015,,72.75,73.5,79.0,96.5,39.5,136.0,33.5,130.0,179.0,4.5,8.5,9.5,6.0,10.61,3.2,2018
1626174,1610612740,Christian Wood,2015,,81.25,82.5,87.25,111.5,,,,,216.0,14.7,9.25,10.75,,,,2018
1626174,1610612749,Christian Wood,2015,,81.25,82.5,87.25,111.5,,,,,216.0,14.7,9.25,10.75,,,,2018
1626187,1610612745,Michael Frazier,2015,,75.75,76.25,80.0,101.5,35.0,136.5,24.0,125.5,199.0,7.4,8.25,9.25,10.0,10.8,3.32,2018
1626188,1610612744,Quinn Cook,2015,,72.25,74.0,76.0,96.5,31.0,127.5,24.5,121.0,179.0,6.7,7.5,8.25,14.0,11.28,3.38,2018
204456,1610612755,T J  McConnell,2015,,72.5,74.0,74.0,96.5,31.5,128.0,26.0,122.5,188.0,7.3,7.5,7.0,7.0,10.84,3.3,2018
1626203,1610612751,Treveon Graham,2015,,76.75,77.75,82.5,103.0,31.5,134.5,28.5,131.5,219.0,5.5,8.5,8.25,11.0,11.6,3.3,2018
1627748,1610612765,Thon Maker,2016,10.0,83.75,84.75,87.0,110.5,36.5,147.0,32.0,142.5,216.0,6.1,8.75,9.5,,11.15,3.33,2018
1627748,1610612749,Thon Maker,2016,10.0,83.75,84.75,87.0,110.5,36.5,147.0,32.0,142.5,216.0,6.1,8.75,9.5,,11.15,3.33,2018
1627752,1610612737,Taurean Prince,2016,12.0,78.5,79.75,83.5,102.0,36.0,138.0,34.0,136.0,220.0,6.5,9.0,8.5,,10.96,3.24,2018
1627756,1610612741,Denzel Valentine,2016,14.0,76.0,77.75,82.75,102.0,32.0,134.0,27.0,129.0,210.0,9.2,8.5,9.75,,10.51,3.46,2018
1628382,1610612742,Justin Jackson,2016,15.0,79.0,80.25,82.75,103.5,34.5,138.0,29.5,133.0,193.0,7.6,8.75,8.75,,11.32,3.26,2018
1628382,1610612758,Justin Jackson,2016,15.0,79.0,80.25,82.75,103.5,34.5,138.0,29.5,133.0,193.0,7.6,8.75,8.75,,11.32,3.26,2018
1627740,1610612752,Henry Ellenson,2016,18.0,82.0,83.5,86.25,108.0,,,,,242.0,11.2,8.5,9.75,,,,2018
1627740,1610612765,Henry Ellenson,2016,18.0,82.0,83.5,86.25,108.0,,,,,242.0,11.2,8.5,9.75,,,,2018
1627736,1610612743,Malik Beasley,2016,19.0,75.5,76.5,79.0,100.5,,,,,190.0,6.9,8.5,9.0,,,,2018
1627747,1610612751,Caris LeVert,2016,20.0,77.75,79.0,82.0,101.0,,,,,191.0,7.6,8.5,9.25,,,,2018
1627781,1610612761,Malachi Richardson,2016,22.0,76.75,78.25,84.0,101.5,38.0,139.5,33.0,134.5,200.0,7.0,8.75,10.0,,10.56,3.33,2018
1628403,1610612758,Caleb Swanigan,2016,26.0,79.5,80.5,87.5,107.0,29.0,136.0,26.0,133.0,247.0,12.6,9.0,10.25,,12.8,,2018
1628403,1610612757,Caleb Swanigan,2016,26.0,79.5,80.5,87.5,107.0,29.0,136.0,26.0,133.0,247.0,12.6,9.0,10.25,,12.8,,2018
1627783,1610612761,Pascal Siakam,2016,27.0,80.25,81.5,87.25,107.5,36.5,144.0,30.5,138.0,227.0,5.2,9.25,10.0,,11.25,3.41,2018
1627746,1610612757,Skal Labissiere,2016,28.0,82.5,83.75,86.5,105.5,,,,,216.0,5.7,8.75,9.0,,,,2018
1627746,1610612758,Skal Labissiere,2016,28.0,82.5,83.75,86.5,105.5,,,,,216.0,5.7,8.75,9.0,,,,2018
1627759,1610612738,Jaylen Brown,2016,3.0,77.25,78.75,83.75,102.5,,,,,223.0,5.1,8.75,9.0,,,,2018
1627745,1610612744,Damian Jones,2016,30.0,82.25,83.5,87.75,107.0,37.0,144.0,36.0,143.0,244.0,6.6,8.75,10.5,,11.35,3.2,2018
1628404,1610612747,Josh Hart,2016,30.0,76.0,77.5,80.5,99.5,38.5,138.0,29.5,129.0,204.0,5.8,8.5,9.25,,11.15,3.2,2018
1627738,1610612737,Deyonta Davis,2016,31.0,81.25,82.5,86.5,108.5,,,,,237.0,9.7,9.0,9.25,,,,2018
1627767,1610612740,Cheick Diallo,2016,33.0,79.5,81.0,88.5,107.5,35.0,142.5,31.0,138.5,219.0,5.6,8.5,9.75,,11.24,3.26,2018
1627755,1610612741,Tyler Ulis,2016,34.0,68.75,70.0,74.0,88.5,38.0,126.5,32.5,121.0,149.0,5.2,7.5,7.5,,10.8,3.2,2018
1627755,1610612744,Tyler Ulis,2016,34.0,68.75,70.0,74.0,88.5,38.0,126.5,32.5,121.0,149.0,5.2,7.5,7.5,,10.8,3.2,2018
1627763,1610612749,Malcolm Brogdon,2016,36.0,75.75,77.5,82.5,98.0,35.5,133.5,30.5,128.5,223.0,5.4,9.0,10.25,,10.77,3.31,2018
1627778,1610612757,Chinanu Onuaku,2016,37.0,81.0,82.0,86.75,108.5,33.5,142.0,27.5,136.0,245.0,8.6,9.0,8.0,,11.65,3.5,2018
1627775,1610612761,Patrick McCaw,2016,38.0,77.25,78.75,82.0,100.5,38.0,138.5,30.0,130.5,181.0,4.7,8.75,8.75,,11.01,3.3,2018
1627775,1610612739,Patrick McCaw,2016,38.0,77.25,78.75,82.0,100.5,38.0,138.5,30.0,130.5,181.0,4.7,8.75,8.75,,11.01,3.3,2018
1627753,1610612745,Zhou Qi,2016,43.0,85.25,86.25,91.75,112.5,32.0,144.5,31.5,144.0,218.0,4.9,9.25,9.5,,11.27,3.46,2018
1627743,1610612755,Demetrius Jackson,2016,45.0,72.0,73.25,77.5,93.0,43.5,136.5,37.5,130.5,194.0,6.5,8.25,9.0,,10.81,3.25,2018
1627774,1610612757,Jake Layman,2016,47.0,80.0,81.25,81.25,102.0,39.5,141.5,33.0,135.0,209.0,7.1,8.25,9.25,,11.35,3.24,2018
1627739,1610612741,Kris Dunn,2016,5.0,75.0,76.25,81.5,100.0,,,,,,,,,,,,2018
1627777,1610612762,Georges Niang,2016,50.0,78.75,80.5,82.0,103.0,31.0,134.0,25.0,128.0,231.0,10.1,9.25,9.25,,11.64,3.49,2018
1627770,1610612761,Kay Felder,2016,54.0,68.25,69.5,74.5,88.5,44.0,132.5,35.5,124.0,177.0,5.8,8.25,8.5,,11.52,3.15,2018
1627772,1610612737,Daniel Hamilton,2016,56.0,78.25,80.0,81.0,103.5,29.0,132.5,26.0,129.5,197.0,6.0,9.0,8.5,,11.48,3.4,2018
1627766,1610612762,Isaiah Cousins,2016,59.0,75.25,76.5,78.25,98.5,37.0,135.5,30.5,129.0,194.0,4.8,8.25,8.75,,10.79,3.24,2018
1628417,1610612739,Jaron Blossomgame,2016,59.0,78.25,79.25,82.0,102.0,41.0,143.0,35.0,137.0,214.0,5.3,8.5,10.0,,11.53,3.2,2018
1628417,1610612759,Jaron Blossomgame,2016,59.0,78.25,79.25,82.0,102.0,41.0,143.0,35.0,137.0,214.0,5.3,8.5,10.0,,11.53,3.2,2018
1627741,1610612758,Buddy Hield,2016,6.0,75.75,77.0,81.25,101.0,,,,,212.0,6.1,8.5,9.0,,,,2018
1627737,1610612739,Marquese Chriss,2016,8.0,80.75,82.0,84.25,105.0,38.5,143.5,32.5,137.5,233.0,8.5,9.0,9.0,,11.93,3.26,2018
1627737,1610612745,Marquese Chriss,2016,8.0,80.75,82.0,84.25,105.0,38.5,143.5,32.5,137.5,233.0,8.5,9.0,9.0,,11.93,3.26,2018
1627751,1610612759,Jakob Poeltl,2016,9.0,84.25,85.0,86.75,111.5,,,,,239.0,5.8,9.25,10.25,,,,2018
1627827,1610612742,Dorian Finney-Smith,2016,,78.5,79.75,83.75,105.5,35.5,141.0,32.5,138.0,213.0,6.5,9.0,9.75,,11.01,3.27,2018
1627780,1610612764,Gary Payton II,2016,,74.0,75.0,80.0,99.5,38.5,138.0,31.5,131.0,184.0,4.0,8.75,9.5,,11.57,3.23,2018
1627780,1610612757,Gary Payton II,2016,,74.0,75.0,80.0,99.5,38.5,138.0,31.5,131.0,184.0,4.0,8.75,9.5,,11.57,3.23,2018
1629005,1610612748,Malik Newman,2016,,74.25,75.5,77.75,97.5,35.5,133.0,30.0,127.5,182.0,5.6,8.25,9.25,,10.88,3.28,2018
1629159,1610612748,Marcus Lee,2016,,81.0,82.25,87.0,107.5,35.5,143.0,28.5,136.0,211.0,5.4,9.0,9.0,,11.68,3.25,2018
1627758,1610612764,Ron Baker,2016,,75.25,76.25,81.75,97.5,35.5,133.0,30.0,127.5,212.0,7.9,8.75,9.5,,10.77,3.45,2018
1627758,1610612752,Ron Baker,2016,,75.25,76.25,81.75,97.5,35.5,133.0,30.0,127.5,212.0,7.9,8.75,9.5,,10.77,3.45,2018
1627786,1610612758,Troy Williams,2016,,77.75,78.75,80.25,102.0,36.0,138.0,30.0,132.0,218.0,10.0,8.25,9.25,,10.72,3.35,2018
1627786,1610612740,Troy Williams,2016,,77.75,78.75,80.25,102.0,36.0,138.0,30.0,132.0,218.0,10.0,8.25,9.25,,10.72,3.35,2018
1627782,1610612741,Wayne Selden,2016,,76.25,77.75,82.5,101.0,,,,,232.0,7.3,9.0,9.25,,,,2018
1627782,1610612763,Wayne Selden,2016,,76.25,77.75,82.5,101.0,,,,,232.0,7.3,9.0,9.25,,,,2018
1628380,1610612757,Zach Collins,2017,10.0,82.25,84.0,85.0,111.0,,,,,232.0,8.9,8.75,9.25,,,,2018
1628379,1610612765,Luke Kennard,2017,12.0,76.5,77.5,77.25,98.5,,,,,196.0,6.6,8.0,8.75,,,,2018
1628378,1610612762,Donovan Mitchell,2017,13.0,73.25,75.0,82.0,97.0,40.5,137.5,36.5,133.5,211.0,5.9,8.5,9.5,,11.53,3.01,2018
1628389,1610612748,Bam Adebayo,2017,14.0,80.75,81.75,86.75,108.0,38.5,146.5,33.5,141.5,243.0,5.2,9.5,8.75,,11.94,3.24,2018
1628383,1610612755,Justin Patton,2017,16.0,82.0,83.25,87.0,111.5,30.5,142.0,26.0,137.5,229.0,7.8,8.75,9.75,,11.8,3.46,2018
1628383,1610612750,Justin Patton,2017,16.0,82.0,83.25,87.0,111.5,30.5,142.0,26.0,137.5,229.0,7.8,8.75,9.75,,11.8,3.46,2018
1628391,1610612749,D J  Wilson,2017,17.0,80.75,82.5,87.0,109.5,,,,,234.0,6.4,9.25,10.25,,,,2018
1628381,1610612737,John Collins,2017,19.0,80.25,81.5,83.25,106.5,37.5,144.0,33.0,139.5,225.0,5.4,9.0,10.0,,11.66,3.27,2018
1628390,1610612760,Terrance Ferguson,2017,21.0,77.5,79.0,80.75,103.0,38.0,141.0,28.5,131.5,184.0,5.8,8.5,10.0,,11.16,3.32,2018
1628386,1610612751,Jarrett Allen,2017,22.0,81.0,82.25,89.25,109.5,35.5,145.0,31.5,141.0,234.0,7.4,9.5,10.5,,11.82,3.21,2018
1628384,1610612761,OG Anunoby,2017,23.0,78.25,79.75,86.25,107.5,,,,,232.0,6.8,9.25,9.5,,,,2018
1628399,1610612743,Tyler Lydon,2017,24.0,80.25,81.5,84.0,107.5,33.5,141.0,29.5,137.0,215.0,13.6,8.75,8.75,,11.68,3.46,2018
1628398,1610612747,Kyle Kuzma,2017,27.0,80.0,81.5,84.25,107.5,34.0,141.5,27.0,134.5,223.0,9.4,8.5,9.5,,10.72,3.25,2018
1628396,1610612762,Tony Bradley,2017,28.0,81.25,82.75,89.0,112.5,27.5,140.0,24.5,137.0,249.0,12.0,9.5,9.5,,11.79,3.44,2018
1628401,1610612759,Derrick White,2017,29.0,75.25,76.5,79.5,101.5,36.5,138.0,35.5,137.0,190.0,6.2,8.25,8.5,,10.84,3.08,2018
1628402,1610612740,Frank Jackson,2017,31.0,74.0,75.5,79.5,98.0,42.0,140.0,35.5,133.5,202.0,6.7,8.25,9.0,,10.94,3.14,2018
1628432,1610612754,Davon Reed,2017,32.0,76.5,77.5,84.0,102.0,36.0,138.0,28.5,130.5,206.0,6.5,9.25,9.5,,11.37,3.34,2018
1628432,1610612756,Davon Reed,2017,32.0,76.5,77.5,84.0,102.0,36.0,138.0,28.5,130.5,206.0,6.5,9.25,9.5,,11.37,3.34,2018
1628412,1610612758,Frank Mason,2017,34.0,71.0,72.0,75.25,94.0,41.0,135.0,34.0,128.0,189.0,4.3,8.0,9.25,,11.41,3.18,2018
1628397,1610612763,Ivan Rabb,2017,35.0,80.75,82.0,85.5,109.0,32.5,141.5,28.5,137.5,220.0,6.8,8.75,9.0,,12.68,3.35,2018
1628400,1610612738,Semi Ojeleye,2017,37.0,77.25,78.75,81.75,102.0,40.5,142.5,35.0,137.0,241.0,5.5,8.75,9.5,,10.58,3.16,2018
1628395,1610612744,Jordan Bell,2017,38.0,79.0,80.5,83.75,104.5,38.0,142.5,31.5,136.0,224.0,5.4,9.25,9.5,,10.63,3.21,2018
1628393,1610612760,Jawun Evans,2017,39.0,70.75,71.5,77.5,95.0,33.5,128.5,27.5,122.5,185.0,9.1,8.0,7.75,,11.34,3.21,2018
1628393,1610612756,Jawun Evans,2017,39.0,70.75,71.5,77.5,95.0,33.5,128.5,27.5,122.5,185.0,9.1,8.0,7.75,,11.34,3.21,2018
1628393,1610612746,Jawun Evans,2017,39.0,70.75,71.5,77.5,95.0,33.5,128.5,27.5,122.5,185.0,9.1,8.0,7.75,,11.34,3.21,2018
1628407,1610612766,Dwayne Bacon,2017,40.0,76.75,78.25,82.0,103.5,36.5,140.0,30.0,133.5,222.0,7.9,8.75,10.0,,11.7,3.22,2018
1628416,1610612763,Tyler Dorsey,2017,41.0,75.0,76.5,77.25,99.5,36.0,135.5,30.5,130.0,183.0,4.7,8.5,9.25,,10.55,3.16,2018
1628416,1610612737,Tyler Dorsey,2017,41.0,75.0,76.5,77.25,99.5,36.0,135.5,30.5,130.0,183.0,4.7,8.5,9.25,,10.55,3.16,2018
1628418,1610612764,Thomas Bryant,2017,42.0,81.5,82.75,90.0,112.5,33.0,145.5,25.5,138.0,248.0,9.4,9.5,10.25,,11.42,3.37,2018
1628422,1610612752,Damyean Dotson,2017,44.0,76.5,77.5,81.0,100.0,38.0,138.0,31.5,131.5,205.0,5.3,8.5,9.25,,11.18,3.13,2018
1628415,1610612763,Dillon Brooks,2017,45.0,77.0,78.0,78.0,100.5,37.5,138.0,31.0,131.5,220.0,7.5,8.25,9.25,,11.14,3.21,2018
1628387,1610612754,Ike Anigbogu,2017,47.0,80.5,81.75,90.25,110.5,32.5,143.0,29.5,140.0,252.0,5.4,9.5,10.0,,12.52,3.44,2018
1628414,1610612746,Sindarius Thornwell,2017,48.0,75.5,76.75,82.0,103.0,30.5,133.5,27.0,130.0,212.0,7.8,8.75,8.75,,11.48,3.36,2018
1628368,1610612758,De'Aaron Fox,2017,5.0,74.0,75.25,78.5,100.0,,,,,170.0,4.5,8.5,8.5,,,,2018
1628420,1610612743,Monte Morris,2017,51.0,73.25,74.5,76.0,96.5,33.5,130.0,28.0,124.5,175.0,6.9,8.25,8.75,,11.0,3.19,2018
1628410,1610612754,Edmond Sumner,2017,52.0,76.0,77.75,81.0,102.5,,,,,176.0,8.3,8.25,9.0,,,,2018
1628443,1610612752,Kadeem Allen,2017,53.0,73.0,74.25,81.25,99.5,35.5,135.0,33.0,132.5,192.0,6.4,8.5,8.75,,11.24,3.15,2018
1628419,1610612757,Cameron Oliver,2017,,79.0,80.25,85.25,106.5,39.5,146.0,28.0,134.5,239.0,7.7,9.5,10.25,,12.17,3.16,2018
1628449,1610612761,Chris Boucher,2017,,80.0,81.5,88.0,110.5,,,,,182.0,5.4,9.25,10.5,,,,2018
1628421,1610612764,Devin Robinson,2017,,79.0,80.25,84.75,106.0,41.5,147.5,35.5,141.5,190.0,3.2,9.25,10.25,,12.85,3.23,2018
1628977,1610612760,Hamidou Diallo,2017,,75.75,77.0,83.25,101.5,44.5,146.0,34.5,136.0,197.0,5.2,8.5,9.5,,10.88,3.11,2018
1628515,1610612753,Isaiah Briscoe,2017,,73.25,74.75,81.0,99.5,33.5,133.0,28.0,127.5,222.0,11.0,9.0,9.25,,10.95,3.38,2018
1628439,1610612752,Isaiah Hicks,2017,,79.25,80.5,84.5,105.0,37.0,142.0,31.5,136.5,233.0,7.7,8.75,9.75,,12.31,3.36,2018
1628503,1610612758,Jamel Artis,2017,,77.5,78.75,82.0,105.0,31.0,136.0,23.5,128.5,213.0,11.9,9.25,9.75,,11.62,3.44,2018
1628405,1610612746,Johnathan Motley,2017,,79.75,80.75,88.0,108.0,,,,,238.0,,9.0,9.5,,,,2018
1628424,1610612739,Kobi Simmons,2017,,75.25,76.5,78.0,99.0,38.5,137.5,30.5,129.5,166.0,5.0,8.5,9.5,,11.15,3.18,2018
1629021,1610612747,Moritz Wagner,2017,,82.0,83.25,84.0,108.0,32.5,140.5,25.5,133.5,231.0,6.7,8.75,10.75,,12.0,3.35,2018
1628959,1610612741,Rawle Alkins,2017,,74.5,75.75,80.75,99.0,40.5,139.5,31.5,130.5,223.0,11.0,8.75,10.0,,11.99,3.3,2018
1629118,1610612743,Thomas Welsh,2017,,83.5,84.5,84.0,109.5,,,,,254.0,10.9,9.0,10.5,,,,2018
